instance,set,n,reference_value,proven_optimum,source_groups,sources,cplex_3h,cplex_3h_cucss_study,carousel_greedy,ga_cg,ga_cg_cucss_study,best_known_before_2024,ilsvnd_published,mfss_published,rldcss_published,hdm_ilsvnd,ilsvnd_rerun_hdm_study,best_known_cucss_study,ilsvnd_rerun_cucss_study,mfss_rerun_cucss_study,rldcss_rerun_cucss_study,cucss,ilsvnd_published_avg,mfss_published_avg,rldcss_published_avg,cucss_avg,hesm_published
O_500_01,O,500,2626,1,CGMRHZ,best_known_before_2024;best_known_cucss_study;cplex_3h;cplex_3h_cucss_study;cucss;hdm_ilsvnd;ilsvnd_rerun_cucss_study;mfss_published;mfss_rerun_cucss_study;rldcss_published;rldcss_rerun_cucss_study,2626,2626,2510,2568,2568,2626,2625,2626,2626,2626,2625,2626,2626,2626,2626,2626,2622.00,2626.00,2626.00,2626.00,2629
O_500_02,O,500,2660,1,CGIMRHZ,best_known_before_2024;best_known_cucss_study;cplex_3h;cplex_3h_cucss_study;cucss;hdm_ilsvnd;ilsvnd_published;ilsvnd_rerun_cucss_study;ilsvnd_rerun_hdm_study;mfss_published;mfss_rerun_cucss_study;rldcss_published;rldcss_rerun_cucss_study,2660,2660,2556,2621,2621,2660,2660,2660,2660,2660,2660,2660,2660,2660,2660,2660,2657.00,2660.00,2660.00,2660.00,2660
O_500_03,O,500,2516,1,CGMRHZ,best_known_before_2024;best_known_cucss_study;cplex_3h;cplex_3h_cucss_study;cucss;hdm_ilsvnd;ilsvnd_rerun_cucss_study;mfss_published;mfss_rerun_cucss_study;rldcss_published;rldcss_rerun_cucss_study,2516,2516,2400,2478,2478,2516,2515,2516,2516,2516,2504,2516,2516,2516,2516,2516,2507.00,2516.00,2516.00,2516.00,2516
O_500_04,O,500,2556,1,CGIMRHZ,best_known_before_2024;best_known_cucss_study;cplex_3h;cplex_3h_cucss_study;cucss;hdm_ilsvnd;ilsvnd_published;ilsvnd_rerun_cucss_study;mfss_published;mfss_rerun_cucss_study;rldcss_published;rldcss_rerun_cucss_study,2556,2556,2441,2515,2515,2556,2556,2556,2556,2556,2553,2556,2556,2556,2556,2556,2552.00,2556.00,2556.00,2556.00,2556
O_500_05,O,500,2625,1,CGIMRHZ,best_known_before_2024;best_known_cucss_study;cplex_3h;cplex_3h_cucss_study;cucss;hdm_ilsvnd;ilsvnd_published;ilsvnd_rerun_cucss_study;mfss_published;mfss_rerun_cucss_study;rldcss_published;rldcss_rerun_cucss_study,2625,2625,2502,2582,2582,2625,2625,2625,2625,2625,2624,2625,2625,2625,2625,2625,2622.00,2625.00,2625.00,2625.00,2633
O_500_06,O,500,2615,1,CGIMRHZ,best_known_before_2024;best_known_cucss_study;cplex_3h;cplex_3h_cucss_study;cucss;hdm_ilsvnd;ilsvnd_published;ilsvnd_rerun_cucss_study;ilsvnd_rerun_hdm_study;mfss_published;mfss_rerun_cucss_study;rldcss_published;rldcss_rerun_cucss_study,2615,2615,2500,2557,2557,2615,2615,2615,2615,2615,2615,2615,2615,2615,2615,2615,2612.00,2615.00,2615.00,2615.00,2615
O_500_07,O,500,2627,1,CGIMRHZ,best_known_before_2024;best_known_cucss_study;cplex_3h;cplex_3h_cucss_study;cucss;hdm_ilsvnd;ilsvnd_published;ilsvnd_rerun_cucss_study;mfss_published;mfss_rerun_cucss_study;rldcss_published;rldcss_rerun_cucss_study,2627,2627,2470,2602,2602,2627,2627,2627,2627,2627,2626,2627,2627,2627,2627,2627,2625.00,2626.80,2627.00,2627.00,2632
O_500_08,O,500,2556,1,CGIMRHZ,best_known_before_2024;best_known_cucss_study;cplex_3h;cplex_3h_cucss_study;cucss;hdm_ilsvnd;ilsvnd_published;ilsvnd_rerun_cucss_study;ilsvnd_rerun_hdm_study;mfss_published;mfss_rerun_cucss_study;rldcss_published;rldcss_rerun_cucss_study,2556,2556,2471,2522,2522,2556,2556,2556,2556,2556,2556,2556,2556,2556,2556,2556,2552.00,2556.00,2556.00,2556.00,2556
O_500_09,O,500,2613,1,CGIMRHZ,best_known_before_2024;best_known_cucss_study;cplex_3h;cplex_3h_cucss_study;cucss;hdm_ilsvnd;ilsvnd_published;ilsvnd_rerun_cucss_study;ilsvnd_rerun_hdm_study;mfss_published;mfss_rerun_cucss_study;rldcss_published;rldcss_rerun_cucss_study,2613,2613,2524,2572,2572,2613,2613,2613,2613,2613,2613,2613,2613,2613,2613,2613,2611.00,2613.00,2613.00,2613.00,2613
O_500_10,O,500,2558,1,CGMRHZ,best_known_before_2024;best_known_cucss_study;cplex_3h;cplex_3h_cucss_study;cucss;hdm_ilsvnd;ilsvnd_rerun_cucss_study;mfss_published;mfss_rerun_cucss_study;rldcss_published;rldcss_rerun_cucss_study,2558,2558,2439,2537,2537,2558,2557,2558,2558,2558,2555,2558,2558,2558,2558,2558,2554.00,2557.70,2558.00,2558.00,2558
O_700_01,O,700,3589,1,CGMRHZ,best_known_before_2024;best_known_cucss_study;cplex_3h;cplex_3h_cucss_study;cucss;hdm_ilsvnd;mfss_published;mfss_rerun_cucss_study;rldcss_published,3589,3589,3448,3511,3511,3589,3588,3589,3589,3589,3583,3589,3588,3589,3588,3589,3580.00,3589.00,3589.00,3589.00,3588
O_700_02,O,700,3424,0,CMRHZ,best_known_cucss_study;cplex_3h_cucss_study;cucss;hdm_ilsvnd;ilsvnd_rerun_cucss_study;mfss_published;mfss_rerun_cucss_study;rldcss_published;rldcss_rerun_cucss_study,3422,3424,3253,3359,3359,3422,3423,3424,3424,3424,3415,3424,3424,3424,3424,3424,3415.00,3424.00,3423.60,3423.30,3424
O_700_03,O,700,3679,1,CGMRHZ,best_known_before_2024;best_known_cucss_study;cplex_3h;cplex_3h_cucss_study;cucss;hdm_ilsvnd;ilsvnd_rerun_cucss_study;mfss_published;mfss_rerun_cucss_study;rldcss_published;rldcss_rerun_cucss_study,3679,3679,3449,3634,3634,3679,3678,3679,3679,3679,3676,3679,3679,3679,3679,3679,3673.00,3678.70,3679.00,3678.50,3671
O_700_04,O,700,3664,1,CGMRHZ,best_known_before_2024;best_known_cucss_study;cplex_3h;cplex_3h_cucss_study;cucss;hdm_ilsvnd;ilsvnd_rerun_cucss_study;mfss_published;mfss_rerun_cucss_study;rldcss_published;rldcss_rerun_cucss_study,3664,3664,3512,3605,3605,3664,3663,3664,3664,3664,3656,3664,3664,3664,3664,3664,3655.00,3662.60,3663.40,3664.00,3664
O_700_05,O,700,3647,1,CGIMRZ,best_known_before_2024;best_known_cucss_study;cplex_3h;cplex_3h_cucss_study;cucss;ilsvnd_published;mfss_published;mfss_rerun_cucss_study;rldcss_published;rldcss_rerun_cucss_study,3647,3647,3457,3619,3619,3647,3647,3647,3647,3646,3640,3647,3646,3647,3647,3647,3639.00,3646.40,3646.80,3646.60,3647
O_700_06,O,700,3596,1,CGMRHZ,best_known_before_2024;best_known_cucss_study;cplex_3h;cplex_3h_cucss_study;cucss;hdm_ilsvnd;ilsvnd_rerun_cucss_study;mfss_published;mfss_rerun_cucss_study;rldcss_published,3596,3596,3447,3553,3553,3596,3595,3596,3596,3596,3594,3596,3596,3596,3593,3596,3591.00,3596.00,3596.00,3596.00,3598
O_700_07,O,700,3542,1,CGMRHZ,best_known_before_2024;best_known_cucss_study;cplex_3h;cplex_3h_cucss_study;cucss;hdm_ilsvnd;ilsvnd_rerun_cucss_study;mfss_published;mfss_rerun_cucss_study;rldcss_published;rldcss_rerun_cucss_study,3542,3542,3319,3446,3446,3542,3541,3542,3542,3542,3523,3542,3542,3542,3542,3542,3535.00,3542.00,3541.90,3541.80,3541
O_700_08,O,700,3619,1,CGMRHZ,best_known_before_2024;best_known_cucss_study;cplex_3h;cplex_3h_cucss_study;cucss;hdm_ilsvnd;mfss_published;mfss_rerun_cucss_study;rldcss_published;rldcss_rerun_cucss_study,3619,3619,3389,3545,3545,3619,3615,3619,3619,3619,3615,3619,3618,3619,3619,3619,3608.00,3617.60,3618.60,3618.20,3613
O_700_09,O,700,3553,0,CGMRHZ,best_known_before_2024;best_known_cucss_study;cplex_3h;cplex_3h_cucss_study;cucss;hdm_ilsvnd;mfss_published;mfss_rerun_cucss_study;rldcss_published;rldcss_rerun_cucss_study,3553,3553,3363,3487,3487,3553,3551,3553,3553,3553,3541,3553,3552,3553,3553,3553,3540.00,3551.50,3552.30,3553.00,3553
O_700_10,O,700,3652,1,CGMRZ,best_known_before_2024;best_known_cucss_study;cplex_3h;cplex_3h_cucss_study;cucss;mfss_published;mfss_rerun_cucss_study;rldcss_published,3652,3652,3462,3594,3594,3652,3648,3652,3652,3650,3645,3652,3651,3652,3650,3652,3640.00,3650.90,3651.70,3651.60,3650
O_800_01,O,800,4184,0,CGMRZ,best_known_before_2024;best_known_cucss_study;cplex_3h;cplex_3h_cucss_study;cucss;mfss_published;mfss_rerun_cucss_study;rldcss_published;rldcss_rerun_cucss_study,4184,4184,4024,4125,4125,4184,4180,4184,4184,4179,4171,4184,4183,4184,4184,4184,4170.00,4180.60,4183.10,4183.20,4187
O_800_02,O,800,4065,0,CGMRHZ,best_known_before_2024;best_known_cucss_study;cplex_3h;cplex_3h_cucss_study;cucss;hdm_ilsvnd;mfss_published;mfss_rerun_cucss_study;rldcss_published;rldcss_rerun_cucss_study,4065,4065,3827,4006,4006,4065,4064,4065,4065,4065,4048,4065,4063,4065,4065,4065,4051.00,4063.20,4064.20,4064.60,4067
O_800_03,O,800,4109,0,Z,best_known_cucss_study;rldcss_rerun_cucss_study,4102,4103,3886,4018,4018,4102,4102,4107,4107,4104,4098,4109,4106,4107,4109,4107,4094.00,4104.70,4106.00,4106.10,4109
O_800_04,O,800,4057,0,Z,best_known_cucss_study;rldcss_rerun_cucss_study,4051,4050,3850,3960,3960,4051,4050,4056,4056,4056,4042,4057,4055,4055,4057,4055,4040.00,4052.40,4054.60,4053.80,4057
O_800_05,O,800,4088,0,MRZ,best_known_cucss_study;cucss;ilsvnd_rerun_cucss_study;mfss_published;mfss_rerun_cucss_study;rldcss_published;rldcss_rerun_cucss_study,4085,4086,3900,4041,4041,4085,4085,4088,4088,4085,4084,4088,4088,4088,4088,4088,4077.00,4087.70,4087.80,4087.50,4090
O_800_06,O,800,4249,0,CGMRZ,best_known_before_2024;best_known_cucss_study;cplex_3h;cplex_3h_cucss_study;cucss;mfss_published;mfss_rerun_cucss_study;rldcss_published;rldcss_rerun_cucss_study,4249,4249,4084,4184,4184,4249,4247,4249,4249,4248,4240,4249,4248,4249,4249,4249,4237.00,4249.00,4248.90,4248.00,4250
O_800_07,O,800,4128,0,RZ,best_known_cucss_study;cucss;rldcss_published,4121,4122,3897,4021,4021,4121,4124,4126,4128,4125,4116,4128,4126,4126,4126,4128,4110.00,4125.60,4126.20,4127.20,4128
O_800_08,O,800,4063,1,CGMRHZ,best_known_before_2024;best_known_cucss_study;cplex_3h;cplex_3h_cucss_study;cucss;hdm_ilsvnd;ilsvnd_rerun_cucss_study;mfss_published;mfss_rerun_cucss_study;rldcss_published;rldcss_rerun_cucss_study,4063,4063,3859,4019,4019,4063,4060,4063,4063,4063,4054,4063,4063,4063,4063,4063,4052.00,4062.10,4062.50,4062.60,4061
O_800_09,O,800,4082,0,Z,best_known_cucss_study,4080,4080,3853,4017,4017,4080,4073,4080,4080,4080,4061,4082,4076,4072,4064,4073,4062.00,4078.20,4079.60,4072.40,4082
O_800_10,O,800,4131,0,MRZ,best_known_cucss_study;cucss;mfss_published;mfss_rerun_cucss_study;rldcss_published;rldcss_rerun_cucss_study,4124,4130,4050,4074,4074,4124,4129,4131,4131,4128,4127,4131,4128,4131,4131,4131,4121.00,4130.50,4130.30,4130.30,4130
O_1000_01,O,1000,4940,0,MRZ,best_known_cucss_study;cucss;mfss_published;mfss_rerun_cucss_study;rldcss_published;rldcss_rerun_cucss_study,4927,4936,4655,4834,4834,4927,4935,4940,4940,4939,4924,4940,4937,4940,4940,4940,4920.00,4939.60,4940.00,4939.80,4935
O_1000_02,O,1000,4994,0,MRZ,best_known_cucss_study;mfss_published;rldcss_published;rldcss_rerun_cucss_study,4966,4979,4756,4893,4893,4966,4985,4994,4994,4985,4971,4994,4988,4989,4994,4989,4968.00,4988.00,4991.10,4986.60,4982
O_1000_03,O,1000,5178,0,MRZ,best_known_cucss_study;mfss_published;rldcss_published,5171,5171,4897,5070,5070,5171,5172,5178,5178,5166,5162,5178,5171,5171,5166,5175,5151.00,5175.70,5176.40,5173.20,5177
O_1000_04,O,1000,5144,0,MRZ,best_known_cucss_study;cucss;mfss_published;mfss_rerun_cucss_study;rldcss_published;rldcss_rerun_cucss_study,5141,5139,4916,5065,5065,5141,5135,5144,5144,5134,5111,5144,5134,5144,5144,5144,5120.00,5135.20,5141.90,5142.60,5138
O_1000_05,O,1000,5138,0,Z,best_known_cucss_study;rldcss_rerun_cucss_study,5134,5135,4935,5049,5049,5134,5123,5136,5136,5136,5123,5138,5132,5136,5138,5136,5106.00,5135.10,5135.20,5134.80,5138
O_1000_06,O,1000,5083,0,MRZ,best_known_cucss_study;cucss;mfss_published;mfss_rerun_cucss_study;rldcss_published;rldcss_rerun_cucss_study,5082,5081,4858,4951,4951,5082,5074,5083,5083,5081,5058,5083,5077,5083,5083,5083,5059.00,5077.90,5080.50,5082.40,5079
O_1000_07,O,1000,5121,0,MRZ,best_known_cucss_study;mfss_published;rldcss_published;rldcss_rerun_cucss_study,5100,5115,4876,5033,5033,5100,5111,5121,5121,5112,5092,5121,5119,5115,5121,5115,5089.00,5113.50,5118.60,5112.30,5119
O_1000_08,O,1000,5193,0,Z,best_known_cucss_study;rldcss_rerun_cucss_study,5178,5184,4916,5071,5071,5178,5180,5191,5191,5182,5176,5193,5186,5190,5193,5190,5166.00,5186.10,5188.80,5189.20,5193
O_1000_09,O,1000,5115,0,MRZ,best_known_cucss_study;cucss;mfss_published;mfss_rerun_cucss_study;rldcss_published;rldcss_rerun_cucss_study,5108,5110,4890,5011,5011,5108,5109,5115,5115,5106,5079,5115,5101,5115,5115,5115,5086.00,5106.60,5110.90,5111.40,5104
O_1000_10,O,1000,5182,0,Z,best_known_cucss_study,5178,5178,4998,5080,5080,5178,5169,5181,5181,5175,5162,5182,5169,5181,5178,5178,5155.00,5179.10,5179.40,5176.30,5184
LK_500_01,LK,500,2719,0,IMRHZ,best_known_cucss_study;cucss;hdm_ilsvnd;ilsvnd_published;ilsvnd_rerun_cucss_study;mfss_published;mfss_rerun_cucss_study;rldcss_published;rldcss_rerun_cucss_study,2712,2718,2528,2649,2649,2712,2719,2719,2719,2719,2718,2719,2719,2719,2719,2719,2716.00,2718.60,2719.00,2719.00,2727
LK_500_02,LK,500,2739,0,CIMRHZ,best_known_cucss_study;cplex_3h_cucss_study;cucss;hdm_ilsvnd;ilsvnd_published;ilsvnd_rerun_cucss_study;ilsvnd_rerun_hdm_study;mfss_published;mfss_rerun_cucss_study;rldcss_published;rldcss_rerun_cucss_study,2729,2739,2580,2666,2666,2729,2739,2739,2739,2739,2739,2739,2739,2739,2739,2739,2737.00,2739.00,2739.00,2739.00,2740
LK_500_03,LK,500,2639,0,CGIMRHZ,best_known_before_2024;best_known_cucss_study;cplex_3h;cplex_3h_cucss_study;cucss;hdm_ilsvnd;ilsvnd_published;ilsvnd_rerun_cucss_study;ilsvnd_rerun_hdm_study;mfss_published;mfss_rerun_cucss_study;rldcss_published;rldcss_rerun_cucss_study,2639,2639,2436,2587,2587,2639,2639,2639,2639,2639,2639,2639,2639,2639,2639,2639,2637.00,2639.00,2639.00,2639.00,2639
LK_500_04,LK,500,2665,0,CGIMRHZ,best_known_before_2024;best_known_cucss_study;cplex_3h;cplex_3h_cucss_study;cucss;hdm_ilsvnd;ilsvnd_published;ilsvnd_rerun_cucss_study;ilsvnd_rerun_hdm_study;mfss_published;mfss_rerun_cucss_study;rldcss_published;rldcss_rerun_cucss_study,2665,2665,2474,2600,2600,2665,2665,2665,2665,2665,2665,2665,2665,2665,2665,2665,2663.00,2665.00,2665.00,2665.00,2665
LK_500_05,LK,500,2689,0,IMRHZ,best_known_cucss_study;cucss;hdm_ilsvnd;ilsvnd_published;ilsvnd_rerun_cucss_study;ilsvnd_rerun_hdm_study;mfss_published;mfss_rerun_cucss_study;rldcss_published;rldcss_rerun_cucss_study,2686,2686,2509,2615,2615,2686,2689,2689,2689,2689,2689,2689,2689,2689,2689,2689,2685.00,2689.00,2689.00,2689.00,2695
LK_500_06,LK,500,2754,0,CIMRHZ,best_known_cucss_study;cplex_3h_cucss_study;cucss;hdm_ilsvnd;ilsvnd_published;ilsvnd_rerun_cucss_study;mfss_published;mfss_rerun_cucss_study;rldcss_published;rldcss_rerun_cucss_study,2746,2754,2542,2707,2707,2746,2754,2754,2754,2754,2752,2754,2754,2754,2754,2754,2750.00,2754.00,2754.00,2754.00,2755
LK_500_07,LK,500,2706,0,IMRHZ,best_known_cucss_study;cucss;ilsvnd_published;ilsvnd_rerun_cucss_study;ilsvnd_rerun_hdm_study;mfss_published;mfss_rerun_cucss_study;rldcss_published,2689,2696,2484,2659,2659,2689,2706,2706,2706,2701,2706,2706,2706,2706,2700,2706,2700.00,2700.60,2704.80,2706.00,2708
LK_500_08,LK,500,2681,0,CGIMRHZ,best_known_before_2024;best_known_cucss_study;cplex_3h;hdm_ilsvnd;ilsvnd_published;ilsvnd_rerun_cucss_study;ilsvnd_rerun_hdm_study;mfss_published;mfss_rerun_cucss_study;rldcss_published,2681,2680,2574,2644,2644,2681,2681,2681,2681,2681,2681,2681,2681,2681,2680,2680,2680.00,2680.10,2681.00,2679.30,2681
LK_500_09,LK,500,2652,0,CGIMRHZ,best_known_before_2024;best_known_cucss_study;cplex_3h;cucss;hdm_ilsvnd;ilsvnd_published;ilsvnd_rerun_cucss_study;ilsvnd_rerun_hdm_study;mfss_published;mfss_rerun_cucss_study;rldcss_published;rldcss_rerun_cucss_study,2652,2650,2524,2615,2615,2652,2652,2652,2652,2652,2652,2652,2652,2652,2652,2652,2648.00,2652.00,2652.00,2652.00,2654
LK_500_10,LK,500,2675,0,IMRHZ,best_known_cucss_study;cucss;hdm_ilsvnd;ilsvnd_published;ilsvnd_rerun_cucss_study;ilsvnd_rerun_hdm_study;mfss_published;mfss_rerun_cucss_study;rldcss_published;rldcss_rerun_cucss_study,2665,2668,2524,2619,2619,2665,2675,2675,2675,2675,2675,2675,2675,2675,2675,2675,2672.00,2673.30,2675.00,2675.00,2675
LK_700_01,LK,700,3761,0,MRHZ,best_known_cucss_study;cucss;hdm_ilsvnd;ilsvnd_rerun_cucss_study;mfss_published;mfss_rerun_cucss_study;rldcss_published;rldcss_rerun_cucss_study,3757,3760,3487,3678,3678,3757,3760,3761,3761,3761,3757,3761,3761,3761,3761,3761,3752.00,3756.50,3759.70,3760.30,3761
LK_700_02,LK,700,3613,0,Z,best_known_cucss_study,3611,3580,3288,3535,3535,3611,3612,3612,3612,3611,3611,3613,3611,3612,3612,3612,3604.00,3606.40,3611.60,3611.40,3613
LK_700_03,LK,700,3837,0,CMRZ,best_known_cucss_study;cplex_3h_cucss_study;cucss;mfss_published;mfss_rerun_cucss_study;rldcss_published;rldcss_rerun_cucss_study,3824,3837,3510,3799,3799,3824,3833,3837,3837,3833,3833,3837,3835,3837,3837,3837,3822.00,3834.20,3835.40,3836.60,3835
LK_700_04,LK,700,3844,0,Z,best_known_cucss_study,3835,3832,3550,3749,3749,3835,3840,3840,3840,3840,3838,3844,3840,3840,3834,3840,3833.00,3836.70,3839.20,3838.20,3844
LK_700_05,LK,700,3842,0,CIMRHZ,best_known_cucss_study;cplex_3h_cucss_study;cucss;hdm_ilsvnd;ilsvnd_published;ilsvnd_rerun_cucss_study;ilsvnd_rerun_hdm_study;mfss_published;mfss_rerun_cucss_study;rldcss_published;rldcss_rerun_cucss_study,3823,3842,3585,3750,3750,3823,3842,3842,3842,3842,3842,3842,3842,3842,3842,3842,3838.00,3838.90,3841.40,3841.40,3851
LK_700_06,LK,700,3719,0,IMRHZ,best_known_cucss_study;cucss;hdm_ilsvnd;ilsvnd_published;ilsvnd_rerun_cucss_study;mfss_published;mfss_rerun_cucss_study;rldcss_published;rldcss_rerun_cucss_study,3707,3700,3526,3651,3651,3707,3719,3719,3719,3719,3718,3719,3719,3719,3719,3719,3713.00,3719.00,3719.00,3718.60,3719
LK_700_07,LK,700,3685,0,MRZ,best_known_cucss_study;ilsvnd_rerun_cucss_study;mfss_published;mfss_rerun_cucss_study;rldcss_published;rldcss_rerun_cucss_study,3676,3667,3326,3624,3624,3676,3684,3685,3685,3682,3682,3685,3685,3685,3685,3684,3676.00,3682.30,3684.30,3682.80,3685
LK_700_08,LK,700,3796,0,IRZ,best_known_cucss_study;cucss;ilsvnd_published;rldcss_published,3762,3781,3538,3735,3735,3762,3796,3793,3796,3795,3790,3796,3794,3793,3794,3796,3789.00,3790.60,3794.40,3795.60,3800
LK_700_09,LK,700,3655,0,MRHZ,best_known_cucss_study;cucss;ilsvnd_rerun_cucss_study;ilsvnd_rerun_hdm_study;mfss_published;mfss_rerun_cucss_study;rldcss_published;rldcss_rerun_cucss_study,3651,3650,3393,3603,3603,3651,3650,3655,3655,3650,3655,3655,3655,3655,3655,3655,3643.00,3651.30,3653.80,3654.30,3648
LK_700_10,LK,700,3832,0,CGIMRHZ,best_known_before_2024;best_known_cucss_study;cplex_3h;cplex_3h_cucss_study;cucss;hdm_ilsvnd;ilsvnd_published;ilsvnd_rerun_cucss_study;ilsvnd_rerun_hdm_study;mfss_published;mfss_rerun_cucss_study;rldcss_published,3832,3832,3499,3736,3736,3832,3832,3832,3832,3832,3832,3832,3832,3832,3831,3832,3830.00,3830.80,3831.90,3832.00,3825
LK_800_01,LK,800,4311,0,RZ,best_known_cucss_study;rldcss_published,4298,4290,4084,4213,4213,4298,4308,4307,4311,4304,4305,4311,4307,4307,4305,4308,4298.00,4303.60,4308.30,4306.20,4314
LK_800_02,LK,800,4229,0,RZ,best_known_cucss_study;rldcss_published,4201,4203,3875,4129,4129,4201,4217,4219,4229,4218,4212,4229,4221,4219,4225,4225,4204.00,4216.30,4227.00,4223.30,4225
LK_800_03,LK,800,4257,0,MRHZ,best_known_cucss_study;cucss;hdm_ilsvnd;ilsvnd_rerun_cucss_study;mfss_published;mfss_rerun_cucss_study;rldcss_published;rldcss_rerun_cucss_study,4251,4229,3912,4128,4128,4251,4255,4257,4257,4257,4254,4257,4257,4257,4257,4257,4244.00,4255.60,4256.20,4256.50,4266
LK_800_04,LK,800,4217,0,MRZ,best_known_cucss_study;cucss;ilsvnd_rerun_cucss_study;mfss_published;mfss_rerun_cucss_study;rldcss_published;rldcss_rerun_cucss_study,4209,4214,3924,4146,4146,4209,4216,4217,4217,4212,4210,4217,4217,4217,4217,4217,4199.00,4214.50,4215.90,4216.30,4223
LK_800_05,LK,800,4231,0,MRHZ,best_known_cucss_study;cucss;hdm_ilsvnd;ilsvnd_rerun_cucss_study;ilsvnd_rerun_hdm_study;mfss_published;mfss_rerun_cucss_study;rldcss_published;rldcss_rerun_cucss_study,4176,4230,3971,4145,4145,4176,4228,4231,4231,4231,4231,4231,4231,4231,4231,4231,4220.00,4229.90,4230.30,4230.10,4239
LK_800_06,LK,800,4422,0,MRZ,best_known_cucss_study;cucss;mfss_published;mfss_rerun_cucss_study;rldcss_published;rldcss_rerun_cucss_study,4417,4414,4137,4343,4343,4417,4420,4422,4422,4421,4418,4422,4421,4422,4422,4422,4414.00,4416.80,4420.50,4421.20,4428
LK_800_07,LK,800,4302,0,Z,cucss,4284,4289,3920,4175,4175,4284,4293,4300,4300,4293,4291,4300,4300,4300,4298,4302,4282.00,4294.40,4297.20,4301.10,4302
LK_800_08,LK,800,4162,0,Z,best_known_cucss_study,4144,4114,3913,4120,4120,4144,4158,4158,4158,4158,4155,4162,4158,4158,4151,4152,4150.00,4154.60,4157.20,4149.70,4162
LK_800_09,LK,800,4306,0,MRZ,best_known_cucss_study;cucss;mfss_published;mfss_rerun_cucss_study;rldcss_published,4271,4283,3976,4225,4225,4271,4301,4306,4306,4305,4301,4306,4303,4306,4305,4306,4293.00,4301.50,4304.60,4303.20,4310
LK_800_10,LK,800,4288,0,Z,best_known_cucss_study;rldcss_rerun_cucss_study,4277,4262,4078,4192,4192,4277,4279,4285,4285,4285,4281,4288,4280,4285,4288,4272,4272.00,4280.30,4283.40,4268.80,4288
LK_1000_01,LK,1000,5184,0,MRZ,best_known_cucss_study;ilsvnd_rerun_cucss_study;mfss_published;mfss_rerun_cucss_study;rldcss_published;rldcss_rerun_cucss_study,5147,5164,4690,5037,5037,5147,5174,5184,5184,5176,5175,5184,5184,5184,5184,5183,5162.00,5175.80,5182.00,5181.40,5183
LK_1000_02,LK,1000,5164,0,RZ,best_known_cucss_study;cucss;ilsvnd_rerun_cucss_study;rldcss_published,5156,5104,4841,5025,5025,5156,5160,5161,5164,5155,5156,5164,5164,5161,5158,5164,5143.00,5157.00,5162.10,5160.60,5161
LK_1000_03,LK,1000,5395,0,Z,ilsvnd_rerun_cucss_study,5340,5351,4940,5281,5281,5340,5394,5386,5393,5390,5389,5394,5395,5386,5393,5393,5372.00,5376.70,5390.90,5391.60,5377
LK_1000_04,LK,1000,5435,0,Z,cucss;rldcss_rerun_cucss_study,5421,5377,5099,5323,5323,5421,5430,5431,5431,5430,5424,5431,5429,5431,5435,5435,5414.00,5428.80,5430.70,5432.00,5435
LK_1000_05,LK,1000,5314,0,RZ,best_known_cucss_study;rldcss_published,5254,5251,5018,5209,5209,5254,5306,5307,5314,5301,5304,5314,5313,5307,5312,5312,5282.00,5301.30,5311.20,5310.20,5297
LK_1000_06,LK,1000,5356,0,MRZ,best_known_cucss_study;mfss_published;mfss_rerun_cucss_study;rldcss_published;rldcss_rerun_cucss_study,5345,5287,4964,5234,5234,5345,5353,5356,5356,5351,5344,5356,5354,5356,5356,5350,5325.00,5344.80,5351.50,5346.40,5352
LK_1000_07,LK,1000,5276,0,Z,cucss;rldcss_rerun_cucss_study,5244,5217,4971,5139,5139,5244,5266,5268,5271,5271,5256,5271,5271,5268,5276,5276,5248.00,5257.30,5269.80,5273.50,5276
LK_1000_08,LK,1000,5394,0,RZ,best_known_cucss_study;rldcss_published;rldcss_rerun_cucss_study,5323,5273,5020,5245,5245,5323,5383,5390,5394,5373,5383,5394,5393,5390,5394,5390,5354.00,5375.10,5390.80,5387.20,5393
LK_1000_09,LK,1000,5346,0,RZ,best_known_cucss_study;cucss;rldcss_published,5295,5308,5031,5225,5225,5295,5342,5343,5346,5338,5334,5346,5344,5343,5344,5346,5323.00,5334.90,5343.00,5343.30,5351
LK_1000_10,LK,1000,5400,0,RHZ,best_known_cucss_study;hdm_ilsvnd;rldcss_published;rldcss_rerun_cucss_study,5362,5371,5119,5318,5318,5362,5394,5396,5400,5400,5386,5400,5394,5396,5400,5395,5377.00,5392.90,5396.30,5390.20,5404
MF_500_01,MF,500,2368,0,CGMRHZ,best_known_before_2024;best_known_cucss_study;cplex_3h;cplex_3h_cucss_study;cucss;hdm_ilsvnd;ilsvnd_rerun_hdm_study;mfss_published;mfss_rerun_cucss_study;rldcss_published;rldcss_rerun_cucss_study,2368,2368,2223,2305,2305,2368,2367,2368,2368,2368,2368,2368,2367,2368,2368,2368,2364.00,2367.80,2368.00,2368.00,2368
MF_500_02,MF,500,2319,0,RZ,best_known_cucss_study;cucss;ilsvnd_rerun_cucss_study;rldcss_published;rldcss_rerun_cucss_study,2310,2316,2027,2300,2300,2310,2318,2318,2319,2315,2318,2319,2319,2318,2319,2319,2312.00,2316.60,2318.60,2318.20,2319
MF_500_03,MF,500,2284,0,CGIMRHZ,best_known_before_2024;best_known_cucss_study;cplex_3h;cplex_3h_cucss_study;cucss;hdm_ilsvnd;ilsvnd_published;ilsvnd_rerun_cucss_study;mfss_published;mfss_rerun_cucss_study;rldcss_published;rldcss_rerun_cucss_study,2284,2284,2108,2229,2229,2284,2284,2284,2284,2284,2283,2284,2284,2284,2284,2284,2280.00,2282.40,2284.00,2284.00,2284
MF_500_04,MF,500,2270,0,CIMRZ,best_known_cucss_study;cplex_3h_cucss_study;cucss;ilsvnd_published;ilsvnd_rerun_cucss_study;mfss_published;mfss_rerun_cucss_study;rldcss_published,2259,2270,2098,2228,2228,2259,2270,2270,2270,2266,2269,2270,2270,2270,2265,2270,2263.00,2268.40,2269.20,2270.00,2273
MF_500_05,MF,500,2321,0,CGIMRHZ,best_known_before_2024;best_known_cucss_study;cplex_3h;cplex_3h_cucss_study;cucss;hdm_ilsvnd;ilsvnd_published;ilsvnd_rerun_cucss_study;ilsvnd_rerun_hdm_study;mfss_published;mfss_rerun_cucss_study;rldcss_published;rldcss_rerun_cucss_study,2321,2321,2199,2272,2272,2321,2321,2321,2321,2321,2321,2321,2321,2321,2321,2321,2316.00,2321.00,2321.00,2320.20,2327
MF_500_06,MF,500,2324,0,RZ,best_known_cucss_study;cucss;rldcss_published;rldcss_rerun_cucss_study,2316,2316,2230,2283,2283,2316,2322,2319,2324,2318,2319,2324,2323,2319,2324,2324,2317.00,2316.70,2322.60,2323.50,2327
MF_500_07,MF,500,2290,0,CIMRHZ,best_known_cucss_study;cplex_3h_cucss_study;cucss;hdm_ilsvnd;ilsvnd_published;ilsvnd_rerun_cucss_study;ilsvnd_rerun_hdm_study;mfss_published;mfss_rerun_cucss_study;rldcss_published;rldcss_rerun_cucss_study,2288,2290,2129,2207,2207,2288,2290,2290,2290,2290,2290,2290,2290,2290,2290,2290,2285.00,2290.00,2289.60,2290.00,2294
MF_500_08,MF,500,2215,0,CIMRHZ,best_known_cucss_study;cplex_3h_cucss_study;cucss;hdm_ilsvnd;ilsvnd_published;ilsvnd_rerun_cucss_study;mfss_published;mfss_rerun_cucss_study;rldcss_published;rldcss_rerun_cucss_study,2201,2215,2052,2161,2161,2201,2215,2215,2215,2215,2214,2215,2215,2215,2215,2215,2210.00,2210.20,2215.00,2215.00,2215
MF_500_09,MF,500,2263,0,CIMRHZ,best_known_cucss_study;cplex_3h_cucss_study;cucss;hdm_ilsvnd;ilsvnd_published;ilsvnd_rerun_cucss_study;ilsvnd_rerun_hdm_study;mfss_published;mfss_rerun_cucss_study;rldcss_published;rldcss_rerun_cucss_study,2259,2263,2034,2219,2219,2259,2263,2263,2263,2263,2263,2263,2263,2263,2263,2263,2261.00,2262.90,2263.00,2262.60,2272
MF_500_10,MF,500,2310,0,IMRHZ,best_known_cucss_study;cucss;hdm_ilsvnd;ilsvnd_published;ilsvnd_rerun_cucss_study;ilsvnd_rerun_hdm_study;mfss_published;mfss_rerun_cucss_study;rldcss_published;rldcss_rerun_cucss_study,2305,2308,2069,2285,2285,2305,2310,2310,2310,2310,2310,2310,2310,2310,2310,2310,2307.00,2308.80,2309.60,2310.00,2319
MF_700_01,MF,700,3130,0,RHZ,best_known_cucss_study;cucss;hdm_ilsvnd;ilsvnd_rerun_cucss_study;rldcss_published;rldcss_rerun_cucss_study,3127,3123,2915,3050,3050,3127,3127,3128,3130,3130,3127,3130,3130,3128,3130,3130,3119.00,3124.40,3125.70,3126.30,3130
MF_700_02,MF,700,3056,0,RZ,best_known_cucss_study;cucss;ilsvnd_rerun_cucss_study;rldcss_published;rldcss_rerun_cucss_study,3038,3048,2775,2966,2966,3038,3053,3052,3056,3052,3052,3056,3056,3052,3056,3056,3043.00,3045.40,3048.90,3051.20,3059
MF_700_03,MF,700,3225,0,IMRHZ,best_known_cucss_study;cucss;hdm_ilsvnd;ilsvnd_published;ilsvnd_rerun_cucss_study;mfss_published;mfss_rerun_cucss_study;rldcss_published;rldcss_rerun_cucss_study,3197,3216,3000,3162,3162,3197,3225,3225,3225,3225,3222,3225,3225,3225,3225,3225,3214.00,3216.10,3218.40,3219.70,3224
MF_700_04,MF,700,3247,0,IMRHZ,best_known_cucss_study;cucss;hdm_ilsvnd;ilsvnd_published;ilsvnd_rerun_cucss_study;mfss_published;mfss_rerun_cucss_study;rldcss_published;rldcss_rerun_cucss_study,3233,3246,2994,3176,3176,3233,3247,3247,3247,3247,3241,3247,3247,3247,3247,3247,3239.00,3245.10,3245.80,3244.60,3247
MF_700_05,MF,700,3246,0,IMRHZ,best_known_cucss_study;cucss;hdm_ilsvnd;ilsvnd_published;ilsvnd_rerun_cucss_study;mfss_published;mfss_rerun_cucss_study;rldcss_published;rldcss_rerun_cucss_study,3238,3220,3035,3134,3134,3238,3246,3246,3246,3246,3243,3246,3246,3246,3246,3246,3235.00,3239.70,3243.60,3244.20,3246
MF_700_06,MF,700,3133,0,IMRHZ,best_known_cucss_study;cucss;hdm_ilsvnd;ilsvnd_published;ilsvnd_rerun_cucss_study;mfss_published;mfss_rerun_cucss_study;rldcss_published;rldcss_rerun_cucss_study,3129,3115,2901,3095,3095,3129,3133,3133,3133,3133,3132,3133,3133,3133,3133,3133,3129.00,3126.80,3130.80,3130.40,3133
MF_700_07,MF,700,3052,0,RHZ,best_known_cucss_study;cucss;hdm_ilsvnd;rldcss_published;rldcss_rerun_cucss_study,3015,2994,2668,2948,2948,3015,3048,3048,3052,3052,3049,3052,3050,3048,3052,3052,3036.00,3032.00,3044.90,3045.20,3052
MF_700_08,MF,700,3176,0,CMRZ,best_known_cucss_study;cplex_3h_cucss_study;cucss;ilsvnd_rerun_cucss_study;mfss_published;mfss_rerun_cucss_study;rldcss_published;rldcss_rerun_cucss_study,3166,3176,2924,3096,3096,3166,3174,3176,3176,3175,3174,3176,3176,3176,3176,3176,3168.00,3175.60,3174.30,3173.30,3177
MF_700_09,MF,700,3216,0,MRHZ,best_known_cucss_study;cucss;ilsvnd_rerun_cucss_study;ilsvnd_rerun_hdm_study;mfss_published;mfss_rerun_cucss_study;rldcss_published;rldcss_rerun_cucss_study,3186,3197,3017,3146,3146,3186,3214,3216,3216,3210,3216,3216,3216,3216,3216,3216,3194.00,3202.60,3210.70,3211.60,3219
MF_700_10,MF,700,3216,0,IRZ,best_known_cucss_study;cucss;ilsvnd_published;ilsvnd_rerun_cucss_study;mfss_rerun_cucss_study;rldcss_published;rldcss_rerun_cucss_study,3203,3202,2940,3154,3154,3203,3216,3214,3216,3212,3210,3216,3216,3216,3216,3216,3208.00,3208.80,3212.30,3213.50,3216
MF_800_01,MF,800,3705,0,MRZ,best_known_cucss_study;cucss;mfss_published;mfss_rerun_cucss_study;rldcss_published;rldcss_rerun_cucss_study,3691,3688,3428,3639,3639,3691,3702,3705,3705,3701,3700,3705,3704,3705,3705,3705,3692.00,3703.60,3703.90,3703.80,3702
MF_800_02,MF,800,3727,0,MRZ,best_known_cucss_study;cucss;mfss_published;mfss_rerun_cucss_study;rldcss_published;rldcss_rerun_cucss_study,3711,3701,3489,3647,3647,3711,3723,3727,3727,3726,3726,3727,3726,3727,3727,3727,3717.00,3726.30,3725.80,3725.30,3735
MF_800_03,MF,800,3672,0,MRZ,best_known_cucss_study;cucss;mfss_published;mfss_rerun_cucss_study;rldcss_published;rldcss_rerun_cucss_study,3605,3663,3398,3566,3566,3605,3668,3672,3672,3663,3668,3672,3669,3672,3672,3672,3657.00,3665.30,3667.50,3669.50,3684
MF_800_04,MF,800,3531,0,Z,cucss,3490,3505,3203,3391,3391,3490,3527,3519,3522,3530,3519,3527,3529,3519,3522,3531,3505.00,3506.60,3515.80,3528.80,3529
MF_800_05,MF,800,3753,0,MRHZ,best_known_cucss_study;cucss;hdm_ilsvnd;mfss_published;mfss_rerun_cucss_study;rldcss_published;rldcss_rerun_cucss_study,3741,3746,3483,3704,3704,3741,3752,3753,3753,3753,3751,3753,3752,3753,3753,3753,3743.00,3752.30,3752.80,3750.20,3754
MF_800_06,MF,800,3775,0,IMRHZ,best_known_cucss_study;cucss;ilsvnd_published;ilsvnd_rerun_cucss_study;ilsvnd_rerun_hdm_study;mfss_published;mfss_rerun_cucss_study;rldcss_published;rldcss_rerun_cucss_study,3772,3771,3502,3697,3697,3772,3775,3775,3775,3774,3775,3775,3775,3775,3775,3775,3769.00,3774.90,3775.00,3774.60,3782
MF_800_07,MF,800,3690,0,MRZ,best_known_cucss_study;cucss;mfss_published;mfss_rerun_cucss_study;rldcss_published;rldcss_rerun_cucss_study,3683,3678,3442,3611,3611,3683,3689,3690,3690,3678,3681,3690,3689,3690,3690,3690,3675.00,3678.50,3683.20,3684.90,3688
MF_800_08,MF,800,3612,0,IMRHZ,best_known_cucss_study;cucss;hdm_ilsvnd;ilsvnd_published;ilsvnd_rerun_cucss_study;ilsvnd_rerun_hdm_study;mfss_published;mfss_rerun_cucss_study;rldcss_published;rldcss_rerun_cucss_study,3575,3588,3334,3524,3524,3575,3612,3612,3612,3612,3612,3612,3612,3612,3612,3612,3606.00,3587.80,3599.50,3604.30,3612
MF_800_09,MF,800,3608,0,Z,best_known_cucss_study;rldcss_rerun_cucss_study,3593,3551,3340,3521,3521,3593,3600,3604,3604,3599,3594,3608,3602,3604,3608,3603,3588.00,3596.90,3599.20,3598.50,3608
MF_800_10,MF,800,3650,0,HZ,cucss;hdm_ilsvnd,3633,3627,3336,3531,3531,3633,3649,3646,3647,3650,3635,3649,3647,3646,3647,3650,3631.00,3638.10,3642.50,3646.20,3643
MF_1000_01,MF,1000,4469,0,MRZ,best_known_cucss_study;cucss;mfss_published;mfss_rerun_cucss_study;rldcss_published;rldcss_rerun_cucss_study,4450,4451,4112,4393,4393,4450,4463,4469,4469,4464,4462,4469,4467,4469,4469,4469,4450.00,4464.70,4467.30,4466.80,4470
MF_1000_02,MF,1000,4474,0,MRZ,best_known_cucss_study;mfss_published;mfss_rerun_cucss_study;rldcss_published,4408,4434,4133,4337,4337,4408,4467,4474,4474,4458,4469,4474,4473,4474,4463,4463,4451.00,4469.40,4471.80,4459.40,4471
MF_1000_03,MF,1000,4643,0,Z,cucss,4577,4616,4268,4572,4572,4577,4630,4636,4637,4625,4624,4637,4642,4636,4637,4643,4610.00,4622.80,4631.10,4638.20,4645
MF_1000_04,MF,1000,4598,0,Z,ilsvnd_rerun_cucss_study,4564,4546,4122,4468,4468,4564,4584,4591,4593,4583,4590,4593,4598,4591,4593,4590,4564.00,4587.10,4589.60,4586.20,4592
MF_1000_05,MF,1000,4531,0,MRZ,best_known_cucss_study;cucss;mfss_published;mfss_rerun_cucss_study;rldcss_published,4468,4485,4210,4399,4399,4468,4519,4531,4531,4521,4530,4531,4529,4531,4528,4531,4502.00,4514.90,4520.90,4524.70,4531
MF_1000_06,MF,1000,4604,0,Z,rldcss_rerun_cucss_study,4569,4593,4258,4512,4512,4569,4597,4599,4599,4590,4591,4599,4598,4592,4604,4592,4580.00,4596.40,4596.40,4590.40,4604
MF_1000_07,MF,1000,4622,0,MRZ,best_known_cucss_study;cucss;mfss_published;mfss_rerun_cucss_study;rldcss_published;rldcss_rerun_cucss_study,4578,4598,4321,4485,4485,4578,4608,4622,4622,4614,4611,4622,4621,4622,4622,4622,4594.00,4604.50,4613.40,4607.20,4612
MF_1000_08,MF,1000,4572,0,HZ,cucss;ilsvnd_rerun_hdm_study,4486,4475,4167,4421,4421,4486,4570,4557,4563,4566,4572,4570,4570,4557,4563,4572,4543.00,4549.70,4557.70,4566.50,4572
MF_1000_09,MF,1000,4649,0,MRZ,best_known_cucss_study;cucss;mfss_published;mfss_rerun_cucss_study;rldcss_published;rldcss_rerun_cucss_study,4631,4636,4430,4570,4570,4631,4640,4649,4649,4641,4640,4649,4646,4649,4649,4649,4630.00,4646.30,4647.00,4646.90,4643
MF_1000_10,MF,1000,4672,0,MRZ,best_known_cucss_study;mfss_published;mfss_rerun_cucss_study;rldcss_published;rldcss_rerun_cucss_study,4660,4633,4345,4559,4559,4660,4664,4672,4672,4663,4661,4672,4668,4672,4672,4671,4651.00,4662.30,4667.40,4667.20,4678
