experiment,variant,instance,seed,time_s,value
late_ablation,late_norestart,O_1000_09,1,0.470,4869
late_ablation,late_norestart,O_1000_09,1,0.910,5099
late_ablation,late_norestart,O_1000_09,1,1.440,5108
late_ablation,late_norestart,O_1000_09,1,1.840,5110
late_ablation,late_norestart,O_1000_09,1,2.300,5112
late_ablation,late_norestart,O_1000_09,1,3.240,5114
late_ablation,late_norestart,O_1000_09,1,4.630,5115
late_ablation,late_norestart,O_1000_09,2,0.490,4859
late_ablation,late_norestart,O_1000_09,2,0.920,5095
late_ablation,late_norestart,O_1000_09,2,1.410,5111
late_ablation,late_norestart,O_1000_09,2,2.270,5112
late_ablation,late_norestart,O_1000_09,2,2.740,5114
late_ablation,late_norestart,O_1000_09,2,38.140,5115
late_ablation,late_norestart,O_1000_09,3,0.450,4853
late_ablation,late_norestart,O_1000_09,3,0.890,5099
late_ablation,late_norestart,O_1000_09,3,1.370,5107
late_ablation,late_norestart,O_1000_09,3,1.770,5114
late_ablation,late_norestart,O_1000_09,3,8.340,5115
late_ablation,late_norestart,O_1000_09,4,0.450,4851
late_ablation,late_norestart,O_1000_09,4,0.890,5104
late_ablation,late_norestart,O_1000_09,4,1.370,5108
late_ablation,late_norestart,O_1000_09,4,1.760,5110
late_ablation,late_norestart,O_1000_09,4,2.220,5111
late_ablation,late_norestart,O_1000_09,4,2.690,5112
late_ablation,late_norestart,O_1000_09,4,3.160,5114
late_ablation,late_norestart,O_1000_09,4,7.790,5115
late_ablation,late_norestart,O_1000_09,5,0.470,4849
late_ablation,late_norestart,O_1000_09,5,0.900,5101
late_ablation,late_norestart,O_1000_09,5,1.380,5110
late_ablation,late_norestart,O_1000_09,5,1.780,5111
late_ablation,late_norestart,O_1000_09,5,2.250,5114
late_ablation,late_norestart,O_1000_09,5,2.710,5115
late_ablation,late_norestart,O_1000_10,1,0.480,4935
late_ablation,late_norestart,O_1000_10,1,0.940,5167
late_ablation,late_norestart,O_1000_10,1,1.460,5179
late_ablation,late_norestart,O_1000_10,1,1.880,5180
late_ablation,late_norestart,O_1000_10,1,2.870,5181
late_ablation,late_norestart,O_1000_10,2,0.470,4971
late_ablation,late_norestart,O_1000_10,2,0.910,5165
late_ablation,late_norestart,O_1000_10,2,1.410,5176
late_ablation,late_norestart,O_1000_10,2,1.820,5178
late_ablation,late_norestart,O_1000_10,2,3.200,5180
late_ablation,late_norestart,O_1000_10,2,5.510,5181
late_ablation,late_norestart,O_1000_10,3,0.460,4928
late_ablation,late_norestart,O_1000_10,3,0.910,5162
late_ablation,late_norestart,O_1000_10,3,1.390,5176
late_ablation,late_norestart,O_1000_10,3,1.790,5179
late_ablation,late_norestart,O_1000_10,3,2.710,5180
late_ablation,late_norestart,O_1000_10,3,17.920,5181
late_ablation,late_norestart,O_1000_10,4,0.480,4939
late_ablation,late_norestart,O_1000_10,4,0.920,5167
late_ablation,late_norestart,O_1000_10,4,1.400,5175
late_ablation,late_norestart,O_1000_10,4,1.800,5177
late_ablation,late_norestart,O_1000_10,4,2.270,5178
late_ablation,late_norestart,O_1000_10,4,4.100,5180
late_ablation,late_norestart,O_1000_10,4,10.580,5181
late_ablation,late_norestart,O_1000_10,5,0.470,4932
late_ablation,late_norestart,O_1000_10,5,0.910,5167
late_ablation,late_norestart,O_1000_10,5,1.390,5178
late_ablation,late_norestart,O_1000_10,5,3.180,5180
late_ablation,late_norestart,O_1000_10,5,10.550,5181
late_ablation,late_norestart,LK_800_08,1,0.420,3926
late_ablation,late_norestart,LK_800_08,1,0.830,4132
late_ablation,late_norestart,LK_800_08,1,1.240,4144
late_ablation,late_norestart,LK_800_08,1,1.570,4148
late_ablation,late_norestart,LK_800_08,1,1.920,4151
late_ablation,late_norestart,LK_800_08,1,2.600,4154
late_ablation,late_norestart,LK_800_08,1,45.180,4155
late_ablation,late_norestart,LK_800_08,1,45.520,4158
late_ablation,late_norestart,LK_800_08,2,0.500,3958
late_ablation,late_norestart,LK_800_08,2,0.910,4140
late_ablation,late_norestart,LK_800_08,2,1.330,4145
late_ablation,late_norestart,LK_800_08,2,2.010,4148
late_ablation,late_norestart,LK_800_08,2,2.350,4152
late_ablation,late_norestart,LK_800_08,2,2.700,4153
late_ablation,late_norestart,LK_800_08,2,3.390,4154
late_ablation,late_norestart,LK_800_08,2,3.740,4155
late_ablation,late_norestart,LK_800_08,2,4.090,4156
late_ablation,late_norestart,LK_800_08,2,4.780,4157
late_ablation,late_norestart,LK_800_08,2,5.130,4158
late_ablation,late_norestart,LK_800_08,3,0.420,3939
late_ablation,late_norestart,LK_800_08,3,0.830,4104
late_ablation,late_norestart,LK_800_08,3,1.240,4132
late_ablation,late_norestart,LK_800_08,3,1.580,4144
late_ablation,late_norestart,LK_800_08,3,1.920,4148
late_ablation,late_norestart,LK_800_08,3,2.270,4151
late_ablation,late_norestart,LK_800_08,3,2.620,4152
late_ablation,late_norestart,LK_800_08,3,2.960,4154
late_ablation,late_norestart,LK_800_08,3,3.310,4156
late_ablation,late_norestart,LK_800_08,3,4.000,4157
late_ablation,late_norestart,LK_800_08,3,4.690,4158
late_ablation,late_norestart,LK_800_08,4,0.400,3937
late_ablation,late_norestart,LK_800_08,4,0.820,4105
late_ablation,late_norestart,LK_800_08,4,1.230,4129
late_ablation,late_norestart,LK_800_08,4,1.560,4148
late_ablation,late_norestart,LK_800_08,4,2.240,4154
late_ablation,late_norestart,LK_800_08,4,2.580,4156
late_ablation,late_norestart,LK_800_08,4,3.610,4158
late_ablation,late_norestart,LK_800_08,5,0.410,3932
late_ablation,late_norestart,LK_800_08,5,0.820,4105
late_ablation,late_norestart,LK_800_08,5,1.220,4138
late_ablation,late_norestart,LK_800_08,5,1.560,4142
late_ablation,late_norestart,LK_800_08,5,1.890,4148
late_ablation,late_norestart,LK_800_08,5,2.250,4149
late_ablation,late_norestart,LK_800_08,5,2.590,4157
late_ablation,late_norestart,LK_800_08,5,3.290,4158
late_ablation,late_norestart,LK_1000_02,1,0.470,4886
late_ablation,late_norestart,LK_1000_02,1,0.910,5115
late_ablation,late_norestart,LK_1000_02,1,1.350,5143
late_ablation,late_norestart,LK_1000_02,1,1.710,5157
late_ablation,late_norestart,LK_1000_02,1,2.440,5161
late_ablation,late_norestart,LK_1000_02,1,3.170,5162
late_ablation,late_norestart,LK_1000_02,2,0.490,4877
late_ablation,late_norestart,LK_1000_02,2,0.930,5136
late_ablation,late_norestart,LK_1000_02,2,1.360,5147
late_ablation,late_norestart,LK_1000_02,2,1.710,5151
late_ablation,late_norestart,LK_1000_02,2,2.080,5154
late_ablation,late_norestart,LK_1000_02,2,2.440,5158
late_ablation,late_norestart,LK_1000_02,2,2.810,5160
late_ablation,late_norestart,LK_1000_02,2,5.000,5163
late_ablation,late_norestart,LK_1000_02,2,5.360,5165
late_ablation,late_norestart,LK_1000_02,3,0.630,4890
late_ablation,late_norestart,LK_1000_02,3,1.070,5111
late_ablation,late_norestart,LK_1000_02,3,1.510,5138
late_ablation,late_norestart,LK_1000_02,3,1.860,5155
late_ablation,late_norestart,LK_1000_02,3,2.590,5158
late_ablation,late_norestart,LK_1000_02,3,3.320,5161
late_ablation,late_norestart,LK_1000_02,3,3.680,5165
late_ablation,late_norestart,LK_1000_02,3,17.880,5166
late_ablation,late_norestart,LK_1000_02,3,18.250,5167
late_ablation,late_norestart,LK_1000_02,4,0.520,4899
late_ablation,late_norestart,LK_1000_02,4,0.950,5109
late_ablation,late_norestart,LK_1000_02,4,1.380,5139
late_ablation,late_norestart,LK_1000_02,4,1.740,5159
late_ablation,late_norestart,LK_1000_02,4,2.110,5161
late_ablation,late_norestart,LK_1000_02,4,3.200,5162
late_ablation,late_norestart,LK_1000_02,5,0.460,4893
late_ablation,late_norestart,LK_1000_02,5,0.900,5130
late_ablation,late_norestart,LK_1000_02,5,1.340,5141
late_ablation,late_norestart,LK_1000_02,5,1.690,5150
late_ablation,late_norestart,LK_1000_02,5,2.060,5159
late_ablation,late_norestart,LK_1000_02,5,2.420,5162
late_ablation,late_norestart,LK_1000_04,1,0.480,5130
late_ablation,late_norestart,LK_1000_04,1,0.920,5405
late_ablation,late_norestart,LK_1000_04,1,1.350,5424
late_ablation,late_norestart,LK_1000_04,1,1.690,5430
late_ablation,late_norestart,LK_1000_04,1,2.040,5431
late_ablation,late_norestart,LK_1000_04,1,2.390,5432
late_ablation,late_norestart,LK_1000_04,2,0.500,5138
late_ablation,late_norestart,LK_1000_04,2,0.940,5409
late_ablation,late_norestart,LK_1000_04,2,1.350,5425
late_ablation,late_norestart,LK_1000_04,2,1.700,5431
late_ablation,late_norestart,LK_1000_04,2,104.520,5432
late_ablation,late_norestart,LK_1000_04,3,0.470,5125
late_ablation,late_norestart,LK_1000_04,3,0.900,5409
late_ablation,late_norestart,LK_1000_04,3,1.330,5427
late_ablation,late_norestart,LK_1000_04,3,1.670,5429
late_ablation,late_norestart,LK_1000_04,3,2.020,5430
late_ablation,late_norestart,LK_1000_04,3,2.370,5431
late_ablation,late_norestart,LK_1000_04,3,19.510,5432
late_ablation,late_norestart,LK_1000_04,4,0.560,5122
late_ablation,late_norestart,LK_1000_04,4,0.990,5409
late_ablation,late_norestart,LK_1000_04,4,1.410,5429
late_ablation,late_norestart,LK_1000_04,4,1.760,5430
late_ablation,late_norestart,LK_1000_04,4,2.110,5431
late_ablation,late_norestart,LK_1000_04,4,33.300,5432
late_ablation,late_norestart,LK_1000_04,5,0.470,5142
late_ablation,late_norestart,LK_1000_04,5,0.910,5395
late_ablation,late_norestart,LK_1000_04,5,1.330,5424
late_ablation,late_norestart,LK_1000_04,5,1.670,5427
late_ablation,late_norestart,LK_1000_04,5,2.010,5430
late_ablation,late_norestart,LK_1000_04,5,2.360,5431
late_ablation,late_norestart,LK_1000_04,5,12.490,5432
late_ablation,late_norestart,LK_1000_07,1,0.470,4982
late_ablation,late_norestart,LK_1000_07,1,0.910,5219
late_ablation,late_norestart,LK_1000_07,1,1.340,5240
late_ablation,late_norestart,LK_1000_07,1,1.710,5266
late_ablation,late_norestart,LK_1000_07,1,2.080,5268
late_ablation,late_norestart,LK_1000_07,1,2.450,5269
late_ablation,late_norestart,LK_1000_07,1,4.680,5270
late_ablation,late_norestart,LK_1000_07,1,5.050,5271
late_ablation,late_norestart,LK_1000_07,1,5.790,5272
late_ablation,late_norestart,LK_1000_07,1,6.160,5273
late_ablation,late_norestart,LK_1000_07,2,0.570,4993
late_ablation,late_norestart,LK_1000_07,2,1.020,5211
late_ablation,late_norestart,LK_1000_07,2,1.460,5243
late_ablation,late_norestart,LK_1000_07,2,1.820,5250
late_ablation,late_norestart,LK_1000_07,2,2.190,5257
late_ablation,late_norestart,LK_1000_07,2,2.560,5262
late_ablation,late_norestart,LK_1000_07,2,2.940,5268
late_ablation,late_norestart,LK_1000_07,2,5.540,5270
late_ablation,late_norestart,LK_1000_07,2,22.940,5271
late_ablation,late_norestart,LK_1000_07,2,45.120,5273
late_ablation,late_norestart,LK_1000_07,3,0.480,4997
late_ablation,late_norestart,LK_1000_07,3,0.920,5206
late_ablation,late_norestart,LK_1000_07,3,1.350,5247
late_ablation,late_norestart,LK_1000_07,3,1.720,5264
late_ablation,late_norestart,LK_1000_07,3,2.090,5266
late_ablation,late_norestart,LK_1000_07,3,2.830,5268
late_ablation,late_norestart,LK_1000_07,3,3.200,5270
late_ablation,late_norestart,LK_1000_07,3,4.680,5271
late_ablation,late_norestart,LK_1000_07,3,36.830,5272
late_ablation,late_norestart,LK_1000_07,3,75.260,5273
late_ablation,late_norestart,LK_1000_07,4,0.460,4990
late_ablation,late_norestart,LK_1000_07,4,0.900,5210
late_ablation,late_norestart,LK_1000_07,4,1.340,5233
late_ablation,late_norestart,LK_1000_07,4,1.700,5250
late_ablation,late_norestart,LK_1000_07,4,2.080,5267
late_ablation,late_norestart,LK_1000_07,4,2.450,5270
late_ablation,late_norestart,LK_1000_07,4,3.190,5272
late_ablation,late_norestart,LK_1000_07,4,3.560,5273
late_ablation,late_norestart,LK_1000_07,5,0.470,4999
late_ablation,late_norestart,LK_1000_07,5,0.910,5201
late_ablation,late_norestart,LK_1000_07,5,1.340,5253
late_ablation,late_norestart,LK_1000_07,5,1.700,5255
late_ablation,late_norestart,LK_1000_07,5,2.070,5262
late_ablation,late_norestart,LK_1000_07,5,2.440,5270
late_ablation,late_norestart,LK_1000_07,5,3.550,5272
late_ablation,late_norestart,LK_1000_07,5,28.640,5273
late_ablation,late_norestart,LK_1000_09,1,0.500,5104
late_ablation,late_norestart,LK_1000_09,1,0.950,5313
late_ablation,late_norestart,LK_1000_09,1,1.380,5326
late_ablation,late_norestart,LK_1000_09,1,1.740,5345
late_ablation,late_norestart,LK_1000_09,2,0.480,5128
late_ablation,late_norestart,LK_1000_09,2,0.930,5320
late_ablation,late_norestart,LK_1000_09,2,1.370,5336
late_ablation,late_norestart,LK_1000_09,2,1.720,5345
late_ablation,late_norestart,LK_1000_09,3,0.470,5084
late_ablation,late_norestart,LK_1000_09,3,0.910,5313
late_ablation,late_norestart,LK_1000_09,3,1.350,5336
late_ablation,late_norestart,LK_1000_09,3,1.710,5341
late_ablation,late_norestart,LK_1000_09,3,2.070,5345
late_ablation,late_norestart,LK_1000_09,4,0.520,5079
late_ablation,late_norestart,LK_1000_09,4,0.960,5321
late_ablation,late_norestart,LK_1000_09,4,1.390,5334
late_ablation,late_norestart,LK_1000_09,4,1.750,5338
late_ablation,late_norestart,LK_1000_09,4,2.110,5343
late_ablation,late_norestart,LK_1000_09,4,2.480,5345
late_ablation,late_norestart,LK_1000_09,5,0.480,5101
late_ablation,late_norestart,LK_1000_09,5,0.920,5310
late_ablation,late_norestart,LK_1000_09,5,1.350,5325
late_ablation,late_norestart,LK_1000_09,5,1.700,5340
late_ablation,late_norestart,LK_1000_09,5,2.070,5345
late_ablation,late_noarchive,O_1000_09,1,0.440,4869
late_ablation,late_noarchive,O_1000_09,1,0.870,5099
late_ablation,late_noarchive,O_1000_09,1,1.350,5106
late_ablation,late_noarchive,O_1000_09,1,1.760,5113
late_ablation,late_noarchive,O_1000_09,1,2.210,5114
late_ablation,late_noarchive,O_1000_09,1,4.060,5115
late_ablation,late_noarchive,O_1000_09,2,0.540,4859
late_ablation,late_noarchive,O_1000_09,2,0.980,5095
late_ablation,late_noarchive,O_1000_09,2,1.450,5111
late_ablation,late_noarchive,O_1000_09,2,1.880,5114
late_ablation,late_noarchive,O_1000_09,2,71.160,5115
late_ablation,late_noarchive,O_1000_09,3,0.470,4853
late_ablation,late_noarchive,O_1000_09,3,0.920,5099
late_ablation,late_noarchive,O_1000_09,3,1.410,5105
late_ablation,late_noarchive,O_1000_09,3,1.810,5109
late_ablation,late_noarchive,O_1000_09,3,2.220,5111
late_ablation,late_noarchive,O_1000_09,3,2.640,5114
late_ablation,late_noarchive,O_1000_09,3,3.050,5115
late_ablation,late_noarchive,O_1000_09,4,0.480,4851
late_ablation,late_noarchive,O_1000_09,4,0.920,5104
late_ablation,late_noarchive,O_1000_09,4,1.390,5110
late_ablation,late_noarchive,O_1000_09,4,1.790,5111
late_ablation,late_noarchive,O_1000_09,4,2.180,5113
late_ablation,late_noarchive,O_1000_09,4,3.380,5114
late_ablation,late_noarchive,O_1000_09,4,4.970,5115
late_ablation,late_noarchive,O_1000_09,5,0.460,4849
late_ablation,late_noarchive,O_1000_09,5,0.900,5101
late_ablation,late_noarchive,O_1000_09,5,1.370,5108
late_ablation,late_noarchive,O_1000_09,5,1.770,5109
late_ablation,late_noarchive,O_1000_09,5,2.160,5114
late_ablation,late_noarchive,O_1000_09,5,2.960,5115
late_ablation,late_noarchive,O_1000_10,1,0.550,4935
late_ablation,late_noarchive,O_1000_10,1,0.990,5167
late_ablation,late_noarchive,O_1000_10,1,1.460,5178
late_ablation,late_noarchive,O_1000_10,1,1.850,5179
late_ablation,late_noarchive,O_1000_10,1,2.750,5181
late_ablation,late_noarchive,O_1000_10,2,0.480,4971
late_ablation,late_noarchive,O_1000_10,2,0.930,5165
late_ablation,late_noarchive,O_1000_10,2,1.420,5176
late_ablation,late_noarchive,O_1000_10,2,1.830,5178
late_ablation,late_noarchive,O_1000_10,2,2.300,5179
late_ablation,late_noarchive,O_1000_10,2,4.180,5180
late_ablation,late_noarchive,O_1000_10,2,6.570,5181
late_ablation,late_noarchive,O_1000_10,3,0.460,4928
late_ablation,late_noarchive,O_1000_10,3,0.910,5162
late_ablation,late_noarchive,O_1000_10,3,1.370,5176
late_ablation,late_noarchive,O_1000_10,3,1.770,5177
late_ablation,late_noarchive,O_1000_10,3,2.160,5178
late_ablation,late_noarchive,O_1000_10,3,3.340,5180
late_ablation,late_noarchive,O_1000_10,3,5.690,5181
late_ablation,late_noarchive,O_1000_10,4,0.470,4939
late_ablation,late_noarchive,O_1000_10,4,0.920,5167
late_ablation,late_noarchive,O_1000_10,4,1.390,5176
late_ablation,late_noarchive,O_1000_10,4,1.780,5177
late_ablation,late_noarchive,O_1000_10,4,2.170,5179
late_ablation,late_noarchive,O_1000_10,4,3.350,5180
late_ablation,late_noarchive,O_1000_10,4,6.100,5181
late_ablation,late_noarchive,O_1000_10,5,0.470,4932
late_ablation,late_noarchive,O_1000_10,5,0.910,5167
late_ablation,late_noarchive,O_1000_10,5,1.400,5177
late_ablation,late_noarchive,O_1000_10,5,2.200,5178
late_ablation,late_noarchive,O_1000_10,5,2.600,5179
late_ablation,late_noarchive,O_1000_10,5,3.000,5180
late_ablation,late_noarchive,O_1000_10,5,4.990,5181
late_ablation,late_noarchive,LK_800_08,1,0.400,3926
late_ablation,late_noarchive,LK_800_08,1,0.820,4132
late_ablation,late_noarchive,LK_800_08,1,1.210,4135
late_ablation,late_noarchive,LK_800_08,1,1.540,4142
late_ablation,late_noarchive,LK_800_08,1,1.870,4144
late_ablation,late_noarchive,LK_800_08,1,2.200,4147
late_ablation,late_noarchive,LK_800_08,1,2.540,4153
late_ablation,late_noarchive,LK_800_08,1,2.880,4154
late_ablation,late_noarchive,LK_800_08,1,3.220,4156
late_ablation,late_noarchive,LK_800_08,1,4.240,4157
late_ablation,late_noarchive,LK_800_08,1,4.910,4158
late_ablation,late_noarchive,LK_800_08,2,0.460,3958
late_ablation,late_noarchive,LK_800_08,2,0.870,4140
late_ablation,late_noarchive,LK_800_08,2,1.590,4146
late_ablation,late_noarchive,LK_800_08,2,1.920,4150
late_ablation,late_noarchive,LK_800_08,2,2.260,4158
late_ablation,late_noarchive,LK_800_08,3,0.420,3939
late_ablation,late_noarchive,LK_800_08,3,0.850,4104
late_ablation,late_noarchive,LK_800_08,3,1.250,4131
late_ablation,late_noarchive,LK_800_08,3,1.590,4139
late_ablation,late_noarchive,LK_800_08,3,1.920,4147
late_ablation,late_noarchive,LK_800_08,3,2.260,4150
late_ablation,late_noarchive,LK_800_08,3,2.600,4153
late_ablation,late_noarchive,LK_800_08,3,2.950,4155
late_ablation,late_noarchive,LK_800_08,3,4.010,4156
late_ablation,late_noarchive,LK_800_08,3,4.710,4158
late_ablation,late_noarchive,LK_800_08,4,0.410,3937
late_ablation,late_noarchive,LK_800_08,4,0.830,4105
late_ablation,late_noarchive,LK_800_08,4,1.220,4133
late_ablation,late_noarchive,LK_800_08,4,1.550,4136
late_ablation,late_noarchive,LK_800_08,4,1.870,4138
late_ablation,late_noarchive,LK_800_08,4,2.200,4147
late_ablation,late_noarchive,LK_800_08,4,2.540,4150
late_ablation,late_noarchive,LK_800_08,4,2.880,4151
late_ablation,late_noarchive,LK_800_08,4,3.220,4157
late_ablation,late_noarchive,LK_800_08,4,3.910,4158
late_ablation,late_noarchive,LK_800_08,5,0.410,3932
late_ablation,late_noarchive,LK_800_08,5,0.820,4105
late_ablation,late_noarchive,LK_800_08,5,1.220,4132
late_ablation,late_noarchive,LK_800_08,5,1.550,4141
late_ablation,late_noarchive,LK_800_08,5,1.870,4147
late_ablation,late_noarchive,LK_800_08,5,2.200,4149
late_ablation,late_noarchive,LK_800_08,5,2.540,4151
late_ablation,late_noarchive,LK_800_08,5,2.880,4152
late_ablation,late_noarchive,LK_800_08,5,9.400,4153
late_ablation,late_noarchive,LK_800_08,5,10.430,4155
late_ablation,late_noarchive,LK_800_08,5,11.110,4157
late_ablation,late_noarchive,LK_800_08,5,11.450,4158
late_ablation,late_noarchive,LK_1000_02,1,0.460,4886
late_ablation,late_noarchive,LK_1000_02,1,0.910,5115
late_ablation,late_noarchive,LK_1000_02,1,1.330,5141
late_ablation,late_noarchive,LK_1000_02,1,1.680,5157
late_ablation,late_noarchive,LK_1000_02,1,2.040,5160
late_ablation,late_noarchive,LK_1000_02,1,2.390,5161
late_ablation,late_noarchive,LK_1000_02,1,3.110,5162
late_ablation,late_noarchive,LK_1000_02,1,113.950,5164
late_ablation,late_noarchive,LK_1000_02,1,118.690,5165
late_ablation,late_noarchive,LK_1000_02,2,0.500,4877
late_ablation,late_noarchive,LK_1000_02,2,0.940,5136
late_ablation,late_noarchive,LK_1000_02,2,1.360,5138
late_ablation,late_noarchive,LK_1000_02,2,1.710,5150
late_ablation,late_noarchive,LK_1000_02,2,2.070,5158
late_ablation,late_noarchive,LK_1000_02,2,2.420,5159
late_ablation,late_noarchive,LK_1000_02,2,2.780,5161
late_ablation,late_noarchive,LK_1000_02,2,3.490,5162
late_ablation,late_noarchive,LK_1000_02,2,119.080,5164
late_ablation,late_noarchive,LK_1000_02,2,120.170,5166
late_ablation,late_noarchive,LK_1000_02,3,0.480,4890
late_ablation,late_noarchive,LK_1000_02,3,0.940,5111
late_ablation,late_noarchive,LK_1000_02,3,1.390,5136
late_ablation,late_noarchive,LK_1000_02,3,1.780,5152
late_ablation,late_noarchive,LK_1000_02,3,2.150,5159
late_ablation,late_noarchive,LK_1000_02,3,2.540,5161
late_ablation,late_noarchive,LK_1000_02,3,3.710,5162
late_ablation,late_noarchive,LK_1000_02,3,5.210,5164
late_ablation,late_noarchive,LK_1000_02,3,5.990,5166
late_ablation,late_noarchive,LK_1000_02,3,6.360,5167
late_ablation,late_noarchive,LK_1000_02,4,0.470,4899
late_ablation,late_noarchive,LK_1000_02,4,0.920,5109
late_ablation,late_noarchive,LK_1000_02,4,1.340,5141
late_ablation,late_noarchive,LK_1000_02,4,1.690,5146
late_ablation,late_noarchive,LK_1000_02,4,2.040,5155
late_ablation,late_noarchive,LK_1000_02,4,2.390,5160
late_ablation,late_noarchive,LK_1000_02,4,2.740,5161
late_ablation,late_noarchive,LK_1000_02,4,3.100,5162
late_ablation,late_noarchive,LK_1000_02,4,71.820,5163
late_ablation,late_noarchive,LK_1000_02,4,72.540,5164
late_ablation,late_noarchive,LK_1000_02,4,72.900,5165
late_ablation,late_noarchive,LK_1000_02,4,73.970,5166
late_ablation,late_noarchive,LK_1000_02,4,75.050,5167
late_ablation,late_noarchive,LK_1000_02,5,0.460,4893
late_ablation,late_noarchive,LK_1000_02,5,0.900,5130
late_ablation,late_noarchive,LK_1000_02,5,1.320,5141
late_ablation,late_noarchive,LK_1000_02,5,1.670,5154
late_ablation,late_noarchive,LK_1000_02,5,2.370,5160
late_ablation,late_noarchive,LK_1000_02,5,2.730,5162
late_ablation,late_noarchive,LK_1000_02,5,81.820,5164
late_ablation,late_noarchive,LK_1000_02,5,82.540,5167
late_ablation,late_noarchive,LK_1000_04,1,0.480,5130
late_ablation,late_noarchive,LK_1000_04,1,0.910,5405
late_ablation,late_noarchive,LK_1000_04,1,1.320,5418
late_ablation,late_noarchive,LK_1000_04,1,1.650,5429
late_ablation,late_noarchive,LK_1000_04,1,2.000,5430
late_ablation,late_noarchive,LK_1000_04,1,3.370,5431
late_ablation,late_noarchive,LK_1000_04,2,0.470,5138
late_ablation,late_noarchive,LK_1000_04,2,0.900,5409
late_ablation,late_noarchive,LK_1000_04,2,1.320,5412
late_ablation,late_noarchive,LK_1000_04,2,1.660,5426
late_ablation,late_noarchive,LK_1000_04,2,2.000,5431
late_ablation,late_noarchive,LK_1000_04,2,9.190,5432
late_ablation,late_noarchive,LK_1000_04,3,0.490,5125
late_ablation,late_noarchive,LK_1000_04,3,0.920,5409
late_ablation,late_noarchive,LK_1000_04,3,1.340,5425
late_ablation,late_noarchive,LK_1000_04,3,1.670,5429
late_ablation,late_noarchive,LK_1000_04,3,2.020,5431
late_ablation,late_noarchive,LK_1000_04,4,0.490,5122
late_ablation,late_noarchive,LK_1000_04,4,0.920,5409
late_ablation,late_noarchive,LK_1000_04,4,1.330,5421
late_ablation,late_noarchive,LK_1000_04,4,1.670,5428
late_ablation,late_noarchive,LK_1000_04,4,2.010,5430
late_ablation,late_noarchive,LK_1000_04,4,2.350,5431
late_ablation,late_noarchive,LK_1000_04,4,9.810,5432
late_ablation,late_noarchive,LK_1000_04,5,0.490,5142
late_ablation,late_noarchive,LK_1000_04,5,0.930,5395
late_ablation,late_noarchive,LK_1000_04,5,1.340,5422
late_ablation,late_noarchive,LK_1000_04,5,1.680,5431
late_ablation,late_noarchive,LK_1000_04,5,5.410,5432
late_ablation,late_noarchive,LK_1000_07,1,0.460,4982
late_ablation,late_noarchive,LK_1000_07,1,0.910,5219
late_ablation,late_noarchive,LK_1000_07,1,1.330,5237
late_ablation,late_noarchive,LK_1000_07,1,1.690,5254
late_ablation,late_noarchive,LK_1000_07,1,2.050,5256
late_ablation,late_noarchive,LK_1000_07,1,2.410,5267
late_ablation,late_noarchive,LK_1000_07,1,3.490,5268
late_ablation,late_noarchive,LK_1000_07,1,3.860,5269
late_ablation,late_noarchive,LK_1000_07,1,28.900,5270
late_ablation,late_noarchive,LK_1000_07,1,31.440,5272
late_ablation,late_noarchive,LK_1000_07,1,47.820,5273
late_ablation,late_noarchive,LK_1000_07,2,0.510,4993
late_ablation,late_noarchive,LK_1000_07,2,0.960,5211
late_ablation,late_noarchive,LK_1000_07,2,1.390,5238
late_ablation,late_noarchive,LK_1000_07,2,1.740,5257
late_ablation,late_noarchive,LK_1000_07,2,2.100,5261
late_ablation,late_noarchive,LK_1000_07,2,2.470,5267
late_ablation,late_noarchive,LK_1000_07,2,3.190,5271
late_ablation,late_noarchive,LK_1000_07,2,3.550,5273
late_ablation,late_noarchive,LK_1000_07,3,0.480,4997
late_ablation,late_noarchive,LK_1000_07,3,0.930,5206
late_ablation,late_noarchive,LK_1000_07,3,1.360,5229
late_ablation,late_noarchive,LK_1000_07,3,1.720,5252
late_ablation,late_noarchive,LK_1000_07,3,2.070,5258
late_ablation,late_noarchive,LK_1000_07,3,2.430,5259
late_ablation,late_noarchive,LK_1000_07,3,2.790,5266
late_ablation,late_noarchive,LK_1000_07,3,3.870,5268
late_ablation,late_noarchive,LK_1000_07,3,4.230,5270
late_ablation,late_noarchive,LK_1000_07,3,5.690,5271
late_ablation,late_noarchive,LK_1000_07,4,0.480,4990
late_ablation,late_noarchive,LK_1000_07,4,0.930,5210
late_ablation,late_noarchive,LK_1000_07,4,1.350,5230
late_ablation,late_noarchive,LK_1000_07,4,1.710,5251
late_ablation,late_noarchive,LK_1000_07,4,2.060,5261
late_ablation,late_noarchive,LK_1000_07,4,2.420,5265
late_ablation,late_noarchive,LK_1000_07,4,2.770,5268
late_ablation,late_noarchive,LK_1000_07,4,3.130,5270
late_ablation,late_noarchive,LK_1000_07,4,6.380,5271
late_ablation,late_noarchive,LK_1000_07,5,0.470,4999
late_ablation,late_noarchive,LK_1000_07,5,0.910,5201
late_ablation,late_noarchive,LK_1000_07,5,1.340,5256
late_ablation,late_noarchive,LK_1000_07,5,1.690,5257
late_ablation,late_noarchive,LK_1000_07,5,2.050,5267
late_ablation,late_noarchive,LK_1000_07,5,3.120,5269
late_ablation,late_noarchive,LK_1000_07,5,3.480,5270
late_ablation,late_noarchive,LK_1000_07,5,3.840,5272
late_ablation,late_noarchive,LK_1000_07,5,4.560,5273
late_ablation,late_noarchive,LK_1000_09,1,0.480,5104
late_ablation,late_noarchive,LK_1000_09,1,0.930,5313
late_ablation,late_noarchive,LK_1000_09,1,1.340,5325
late_ablation,late_noarchive,LK_1000_09,1,1.690,5340
late_ablation,late_noarchive,LK_1000_09,1,2.050,5343
late_ablation,late_noarchive,LK_1000_09,1,2.410,5345
late_ablation,late_noarchive,LK_1000_09,2,0.490,5128
late_ablation,late_noarchive,LK_1000_09,2,0.940,5320
late_ablation,late_noarchive,LK_1000_09,2,1.370,5330
late_ablation,late_noarchive,LK_1000_09,2,1.720,5336
late_ablation,late_noarchive,LK_1000_09,2,2.080,5343
late_ablation,late_noarchive,LK_1000_09,2,2.450,5345
late_ablation,late_noarchive,LK_1000_09,3,0.490,5084
late_ablation,late_noarchive,LK_1000_09,3,0.950,5313
late_ablation,late_noarchive,LK_1000_09,3,1.390,5334
late_ablation,late_noarchive,LK_1000_09,3,1.760,5343
late_ablation,late_noarchive,LK_1000_09,3,2.120,5345
late_ablation,late_noarchive,LK_1000_09,4,0.480,5079
late_ablation,late_noarchive,LK_1000_09,4,0.920,5321
late_ablation,late_noarchive,LK_1000_09,4,1.340,5330
late_ablation,late_noarchive,LK_1000_09,4,1.690,5340
late_ablation,late_noarchive,LK_1000_09,4,2.400,5343
late_ablation,late_noarchive,LK_1000_09,4,2.750,5345
late_ablation,late_noarchive,LK_1000_09,5,0.480,5101
late_ablation,late_noarchive,LK_1000_09,5,0.930,5310
late_ablation,late_noarchive,LK_1000_09,5,1.340,5328
late_ablation,late_noarchive,LK_1000_09,5,1.690,5336
late_ablation,late_noarchive,LK_1000_09,5,2.050,5340
late_ablation,late_noarchive,LK_1000_09,5,2.400,5343
late_ablation,late_noarchive,LK_1000_09,5,2.750,5345
