experiment,variant,instance,seed,value,weight,capacity,time_to_best_s,wall_s,kernel_s,iterations,walkers,budget_s,config_hash
sensitivity,sens_B512,O_800_03,1,4107,2400,2400,1.970,60.351,38.450,424000,512,60,7adfd960c4
sensitivity,sens_B512,O_800_03,2,4107,2400,2400,3.100,60.363,38.224,422000,512,60,7adfd960c4
sensitivity,sens_B512,O_800_03,3,4107,2399,2400,2.340,60.350,38.395,424000,512,60,7adfd960c4
sensitivity,sens_B512,O_800_08,1,4063,2399,2400,1.200,60.362,37.842,424000,512,60,7adfd960c4
sensitivity,sens_B512,O_800_08,2,4063,2400,2400,1.570,60.432,37.954,426000,512,60,7adfd960c4
sensitivity,sens_B512,O_800_08,3,4063,2400,2400,1.230,60.364,38.085,426000,512,60,7adfd960c4
sensitivity,sens_B512,O_1000_03,1,5178,2999,3000,4.960,60.337,37.156,386000,512,60,7adfd960c4
sensitivity,sens_B512,O_1000_03,2,5178,3000,3000,5.710,60.426,36.921,384000,512,60,7adfd960c4
sensitivity,sens_B512,O_1000_03,3,5178,3000,3000,3.780,60.367,37.136,386000,512,60,7adfd960c4
sensitivity,sens_B512,O_1000_08,1,5191,3000,3000,2.190,60.356,37.760,386000,512,60,7adfd960c4
sensitivity,sens_B512,O_1000_08,2,5191,3000,3000,1.960,60.372,37.832,388000,512,60,7adfd960c4
sensitivity,sens_B512,O_1000_08,3,5191,3000,3000,1.980,60.427,37.672,384000,512,60,7adfd960c4
sensitivity,sens_B512,LK_800_03,1,4257,3063,4000,1.320,60.419,54.547,592000,512,60,7adfd960c4
sensitivity,sens_B512,LK_800_03,2,4257,3048,4000,1.370,60.421,54.420,590000,512,60,7adfd960c4
sensitivity,sens_B512,LK_800_03,3,4257,3063,4000,1.160,60.432,54.514,592000,512,60,7adfd960c4
sensitivity,sens_B512,LK_800_08,1,4158,2978,4000,2.970,60.364,54.508,574000,512,60,7adfd960c4
sensitivity,sens_B512,LK_800_08,2,4158,2948,4000,3.300,60.324,54.442,572000,512,60,7adfd960c4
sensitivity,sens_B512,LK_800_08,3,4158,2936,4000,3.130,60.318,54.609,576000,512,60,7adfd960c4
sensitivity,sens_B512,LK_1000_03,1,5395,3870,5000,2.060,60.346,54.643,564000,512,60,7adfd960c4
sensitivity,sens_B512,LK_1000_03,2,5395,3842,5000,1.910,60.330,54.498,562000,512,60,7adfd960c4
sensitivity,sens_B512,LK_1000_03,3,5395,3813,5000,1.270,60.401,54.626,564000,512,60,7adfd960c4
sensitivity,sens_B512,LK_1000_08,1,5394,3872,5000,2.590,60.338,54.561,556000,512,60,7adfd960c4
sensitivity,sens_B512,LK_1000_08,2,5394,3891,5000,2.590,60.323,54.517,556000,512,60,7adfd960c4
sensitivity,sens_B512,LK_1000_08,3,5394,3872,5000,4.090,60.417,54.433,554000,512,60,7adfd960c4
sensitivity,sens_B512,MF_800_03,1,3672,2400,2400,1.000,60.324,41.753,392000,512,60,7adfd960c4
sensitivity,sens_B512,MF_800_03,2,3672,2400,2400,1.300,60.371,41.751,392000,512,60,7adfd960c4
sensitivity,sens_B512,MF_800_03,3,3672,2398,2400,1.310,60.419,41.535,390000,512,60,7adfd960c4
sensitivity,sens_B512,MF_800_08,1,3612,2396,2400,1.870,60.367,40.612,388000,512,60,7adfd960c4
sensitivity,sens_B512,MF_800_08,2,3612,2396,2400,1.540,60.421,40.564,388000,512,60,7adfd960c4
sensitivity,sens_B512,MF_800_08,3,3612,2396,2400,1.480,60.391,40.678,384000,512,60,7adfd960c4
sensitivity,sens_B512,MF_1000_03,1,4643,2998,3000,1.650,60.329,40.594,354000,512,60,7adfd960c4
sensitivity,sens_B512,MF_1000_03,2,4643,2998,3000,2.710,60.541,40.825,356000,512,60,7adfd960c4
sensitivity,sens_B512,MF_1000_03,3,4643,2998,3000,3.760,60.390,40.515,354000,512,60,7adfd960c4
sensitivity,sens_B512,MF_1000_08,1,4572,2997,3000,1.860,60.375,40.588,356000,512,60,7adfd960c4
sensitivity,sens_B512,MF_1000_08,2,4572,2998,3000,2.190,60.510,40.823,358000,512,60,7adfd960c4
sensitivity,sens_B512,MF_1000_08,3,4572,2997,3000,1.640,60.422,41.148,360000,512,60,7adfd960c4
sensitivity,sens_B2048,O_800_03,1,4107,2400,2400,3.250,60.592,50.371,170000,2048,60,2571d28a21
sensitivity,sens_B2048,O_800_03,2,4107,2399,2400,4.040,60.785,50.381,170000,2048,60,2571d28a21
sensitivity,sens_B2048,O_800_03,3,4107,2399,2400,3.950,60.817,50.447,170000,2048,60,2571d28a21
sensitivity,sens_B2048,O_800_08,1,4063,2399,2400,1.820,60.399,50.133,172000,2048,60,2571d28a21
sensitivity,sens_B2048,O_800_08,2,4063,2399,2400,1.860,60.603,50.209,172000,2048,60,2571d28a21
sensitivity,sens_B2048,O_800_08,3,4063,2399,2400,1.840,60.562,50.227,172000,2048,60,2571d28a21
sensitivity,sens_B2048,O_1000_03,1,5178,3000,3000,3.600,60.543,49.282,156000,2048,60,2571d28a21
sensitivity,sens_B2048,O_1000_03,2,5178,2999,3000,5.070,60.360,49.228,156000,2048,60,2571d28a21
sensitivity,sens_B2048,O_1000_03,3,5178,3000,3000,5.810,60.409,49.230,156000,2048,60,2571d28a21
sensitivity,sens_B2048,O_1000_08,1,5191,3000,3000,2.740,60.437,49.858,156000,2048,60,2571d28a21
sensitivity,sens_B2048,O_1000_08,2,5191,3000,3000,2.790,60.346,49.836,156000,2048,60,2571d28a21
sensitivity,sens_B2048,O_1000_08,3,5191,3000,3000,2.760,60.515,49.916,156000,2048,60,2571d28a21
sensitivity,sens_B2048,LK_800_03,1,4257,3048,4000,3.080,60.332,57.795,192000,2048,60,2571d28a21
sensitivity,sens_B2048,LK_800_03,2,4257,3060,4000,2.420,60.827,58.325,194000,2048,60,2571d28a21
sensitivity,sens_B2048,LK_800_03,3,4257,3093,4000,2.430,60.498,58.042,192000,2048,60,2571d28a21
sensitivity,sens_B2048,LK_800_08,1,4158,2959,4000,16.840,60.937,58.469,190000,2048,60,2571d28a21
sensitivity,sens_B2048,LK_800_08,2,4158,2983,4000,4.920,60.933,58.417,190000,2048,60,2571d28a21
sensitivity,sens_B2048,LK_800_08,3,4156,3098,4000,4.930,60.888,58.398,190000,2048,60,2571d28a21
sensitivity,sens_B2048,LK_1000_03,1,5395,3832,5000,3.960,60.761,58.287,182000,2048,60,2571d28a21
sensitivity,sens_B2048,LK_1000_03,2,5395,3842,5000,2.670,60.850,58.309,182000,2048,60,2571d28a21
sensitivity,sens_B2048,LK_1000_03,3,5395,3800,5000,3.960,60.651,58.189,182000,2048,60,2571d28a21
sensitivity,sens_B2048,LK_1000_08,1,5394,3872,5000,4.640,60.558,58.094,180000,2048,60,2571d28a21
sensitivity,sens_B2048,LK_1000_08,2,5394,3872,5000,4.660,60.632,58.120,180000,2048,60,2571d28a21
sensitivity,sens_B2048,LK_1000_08,3,5394,3879,5000,6.640,60.718,58.244,180000,2048,60,2571d28a21
sensitivity,sens_B2048,MF_800_03,1,3672,2400,2400,2.860,60.559,52.270,150000,2048,60,2571d28a21
sensitivity,sens_B2048,MF_800_03,2,3672,2398,2400,2.060,60.598,52.261,150000,2048,60,2571d28a21
sensitivity,sens_B2048,MF_800_03,3,3672,2400,2400,2.020,60.631,52.338,150000,2048,60,2571d28a21
sensitivity,sens_B2048,MF_800_08,1,3612,2396,2400,2.740,60.976,51.993,152000,2048,60,2571d28a21
sensitivity,sens_B2048,MF_800_08,2,3612,2396,2400,1.970,60.761,51.946,152000,2048,60,2571d28a21
sensitivity,sens_B2048,MF_800_08,3,3612,2396,2400,2.750,60.865,51.935,152000,2048,60,2571d28a21
sensitivity,sens_B2048,MF_1000_03,1,4643,2998,3000,3.050,60.761,51.826,138000,2048,60,2571d28a21
sensitivity,sens_B2048,MF_1000_03,2,4643,2998,3000,9.140,60.663,51.785,138000,2048,60,2571d28a21
sensitivity,sens_B2048,MF_1000_03,3,4643,2998,3000,3.060,60.729,51.804,138000,2048,60,2571d28a21
sensitivity,sens_B2048,MF_1000_08,1,4572,2997,3000,3.130,60.733,51.658,138000,2048,60,2571d28a21
sensitivity,sens_B2048,MF_1000_08,2,4572,2998,3000,3.140,60.591,51.591,138000,2048,60,2571d28a21
sensitivity,sens_B2048,MF_1000_08,3,4572,2998,3000,3.060,60.606,51.649,138000,2048,60,2571d28a21
sensitivity,sens_L500,O_800_03,1,4107,2399,2400,2.110,60.391,25.529,159000,1024,60,7d1fdece20
sensitivity,sens_L500,O_800_03,2,4107,2399,2400,2.100,60.337,25.601,159500,1024,60,7d1fdece20
sensitivity,sens_L500,O_800_03,3,4107,2399,2400,1.970,60.357,25.932,161500,1024,60,7d1fdece20
sensitivity,sens_L500,O_800_08,1,4063,2399,2400,0.930,60.320,25.437,161000,1024,60,7d1fdece20
sensitivity,sens_L500,O_800_08,2,4063,2400,2400,0.920,60.370,25.468,161000,1024,60,7d1fdece20
sensitivity,sens_L500,O_800_08,3,4063,2400,2400,1.180,60.366,25.350,160500,1024,60,7d1fdece20
sensitivity,sens_L500,O_1000_03,1,5178,2999,3000,5.360,60.369,24.671,145000,1024,60,7d1fdece20
sensitivity,sens_L500,O_1000_03,2,5178,2999,3000,2.170,60.401,24.326,142500,1024,60,7d1fdece20
sensitivity,sens_L500,O_1000_03,3,5178,2999,3000,3.640,60.323,24.766,145000,1024,60,7d1fdece20
sensitivity,sens_L500,O_1000_08,1,5191,3000,3000,1.330,60.362,25.112,145500,1024,60,7d1fdece20
sensitivity,sens_L500,O_1000_08,2,5191,3000,3000,1.990,60.335,25.362,146500,1024,60,7d1fdece20
sensitivity,sens_L500,O_1000_08,3,5191,3000,3000,1.590,60.383,25.459,147500,1024,60,7d1fdece20
sensitivity,sens_L500,LK_800_03,1,4257,3048,4000,0.970,60.320,49.001,299000,1024,60,7d1fdece20
sensitivity,sens_L500,LK_800_03,2,4257,3048,4000,1.090,60.388,49.169,300500,1024,60,7d1fdece20
sensitivity,sens_L500,LK_800_03,3,4257,3063,4000,0.880,60.322,49.151,300500,1024,60,7d1fdece20
sensitivity,sens_L500,LK_800_08,1,4158,2948,4000,1.390,60.378,49.330,292500,1024,60,7d1fdece20
sensitivity,sens_L500,LK_800_08,2,4158,2998,4000,42.410,60.326,49.073,297500,1024,60,7d1fdece20
sensitivity,sens_L500,LK_800_08,3,4156,3080,4000,19.330,60.394,49.306,297500,1024,60,7d1fdece20
sensitivity,sens_L500,LK_1000_03,1,5395,3835,5000,1.500,60.337,49.414,287500,1024,60,7d1fdece20
sensitivity,sens_L500,LK_1000_03,2,5395,3790,5000,1.530,60.399,49.579,288000,1024,60,7d1fdece20
sensitivity,sens_L500,LK_1000_03,3,5395,3832,5000,1.230,60.331,49.583,287000,1024,60,7d1fdece20
sensitivity,sens_L500,LK_1000_08,1,5394,3879,5000,2.200,60.397,49.701,284000,1024,60,7d1fdece20
sensitivity,sens_L500,LK_1000_08,2,5394,3891,5000,2.470,60.360,49.588,283500,1024,60,7d1fdece20
sensitivity,sens_L500,LK_1000_08,3,5394,3872,5000,1.750,60.330,49.731,284500,1024,60,7d1fdece20
sensitivity,sens_L500,MF_800_03,1,3672,2400,2400,0.940,60.320,29.542,156000,1024,60,7d1fdece20
sensitivity,sens_L500,MF_800_03,2,3672,2400,2400,0.780,60.328,29.724,157000,1024,60,7d1fdece20
sensitivity,sens_L500,MF_800_03,3,3672,2400,2400,0.850,60.336,29.750,157500,1024,60,7d1fdece20
sensitivity,sens_L500,MF_800_08,1,3612,2397,2400,1.460,60.373,28.493,154000,1024,60,7d1fdece20
sensitivity,sens_L500,MF_800_08,2,3612,2396,2400,0.920,60.369,28.326,152500,1024,60,7d1fdece20
sensitivity,sens_L500,MF_800_08,3,3612,2396,2400,1.250,60.372,28.436,153000,1024,60,7d1fdece20
sensitivity,sens_L500,MF_1000_03,1,4643,2999,3000,8.320,60.416,28.140,138500,1024,60,7d1fdece20
sensitivity,sens_L500,MF_1000_03,2,4643,2998,3000,8.750,60.339,28.087,138000,1024,60,7d1fdece20
sensitivity,sens_L500,MF_1000_03,3,4643,2998,3000,3.990,60.431,28.103,138000,1024,60,7d1fdece20
sensitivity,sens_L500,MF_1000_08,1,4572,2998,3000,1.560,60.404,28.704,142000,1024,60,7d1fdece20
sensitivity,sens_L500,MF_1000_08,2,4572,2998,3000,1.320,60.420,28.524,141500,1024,60,7d1fdece20
sensitivity,sens_L500,MF_1000_08,3,4572,2998,3000,1.220,60.398,28.445,141000,1024,60,7d1fdece20
sensitivity,sens_L8000,O_800_03,1,4107,2399,2400,4.660,61.269,55.796,352000,1024,60,0f6cd7c435
sensitivity,sens_L8000,O_800_03,2,4107,2399,2400,3.270,61.335,55.876,352000,1024,60,0f6cd7c435
sensitivity,sens_L8000,O_800_03,3,4107,2399,2400,4.660,61.164,55.713,352000,1024,60,0f6cd7c435
sensitivity,sens_L8000,O_800_08,1,4063,2400,2400,3.240,60.415,54.969,352000,1024,60,0f6cd7c435
sensitivity,sens_L8000,O_800_08,2,4063,2399,2400,1.730,60.383,54.937,352000,1024,60,0f6cd7c435
sensitivity,sens_L8000,O_800_08,3,4063,2400,2400,3.210,60.414,54.989,352000,1024,60,0f6cd7c435
sensitivity,sens_L8000,O_1000_03,1,5178,2999,3000,8.110,61.589,55.496,328000,1024,60,0f6cd7c435
sensitivity,sens_L8000,O_1000_03,2,5178,3000,3000,6.510,61.490,55.525,328000,1024,60,0f6cd7c435
sensitivity,sens_L8000,O_1000_03,3,5178,3000,3000,6.640,60.409,54.204,320000,1024,60,0f6cd7c435
sensitivity,sens_L8000,O_1000_08,1,5191,3000,3000,3.580,60.396,54.929,320000,1024,60,0f6cd7c435
sensitivity,sens_L8000,O_1000_08,2,5191,3000,3000,3.570,60.565,54.971,320000,1024,60,0f6cd7c435
sensitivity,sens_L8000,O_1000_08,3,5191,3000,3000,5.070,60.558,54.942,320000,1024,60,0f6cd7c435
sensitivity,sens_L8000,LK_800_03,1,4257,3056,4000,4.680,61.203,59.402,368000,1024,60,0f6cd7c435
sensitivity,sens_L8000,LK_800_03,2,4257,3048,4000,3.240,60.867,59.189,368000,1024,60,0f6cd7c435
sensitivity,sens_L8000,LK_800_03,3,4257,3093,4000,4.650,60.899,59.100,368000,1024,60,0f6cd7c435
sensitivity,sens_L8000,LK_800_08,1,4158,2944,4000,5.960,61.573,59.775,360000,1024,60,0f6cd7c435
sensitivity,sens_L8000,LK_800_08,2,4158,2971,4000,5.820,60.932,59.310,360000,1024,60,0f6cd7c435
sensitivity,sens_L8000,LK_800_08,3,4158,2948,4000,7.170,61.107,59.414,360000,1024,60,0f6cd7c435
sensitivity,sens_L8000,LK_1000_03,1,5395,3800,5000,6.260,60.330,58.621,344000,1024,60,0f6cd7c435
sensitivity,sens_L8000,LK_1000_03,2,5395,3819,5000,6.260,60.324,58.624,344000,1024,60,0f6cd7c435
sensitivity,sens_L8000,LK_1000_03,3,5395,3870,5000,6.330,60.425,58.664,344000,1024,60,0f6cd7c435
sensitivity,sens_L8000,LK_1000_08,1,5394,3879,5000,6.340,61.141,59.436,344000,1024,60,0f6cd7c435
sensitivity,sens_L8000,LK_1000_08,2,5394,3898,5000,7.840,61.272,59.496,344000,1024,60,0f6cd7c435
sensitivity,sens_L8000,LK_1000_08,3,5394,3879,5000,7.770,61.216,59.511,344000,1024,60,0f6cd7c435
sensitivity,sens_L8000,MF_800_03,1,3672,2400,2400,3.720,61.068,56.650,304000,1024,60,0f6cd7c435
sensitivity,sens_L8000,MF_800_03,2,3672,2400,2400,2.030,60.986,56.548,304000,1024,60,0f6cd7c435
sensitivity,sens_L8000,MF_800_03,3,3672,2398,2400,3.720,60.941,56.474,304000,1024,60,0f6cd7c435
sensitivity,sens_L8000,MF_800_08,1,3612,2396,2400,5.080,61.703,56.968,312000,1024,60,0f6cd7c435
sensitivity,sens_L8000,MF_800_08,2,3612,2396,2400,3.670,60.585,55.662,304000,1024,60,0f6cd7c435
sensitivity,sens_L8000,MF_800_08,3,3612,2397,2400,3.570,60.339,55.639,304000,1024,60,0f6cd7c435
sensitivity,sens_L8000,MF_1000_03,1,4643,2998,3000,7.420,60.981,56.213,280000,1024,60,0f6cd7c435
sensitivity,sens_L8000,MF_1000_03,2,4643,2999,3000,3.990,60.871,56.139,280000,1024,60,0f6cd7c435
sensitivity,sens_L8000,MF_1000_03,3,4643,2998,3000,5.710,60.889,56.195,280000,1024,60,0f6cd7c435
sensitivity,sens_L8000,MF_1000_08,1,4572,2999,3000,4.100,60.841,55.977,280000,1024,60,0f6cd7c435
sensitivity,sens_L8000,MF_1000_08,2,4572,2999,3000,3.990,61.119,56.223,280000,1024,60,0f6cd7c435
sensitivity,sens_L8000,MF_1000_08,3,4572,2997,3000,4.280,61.109,56.136,280000,1024,60,0f6cd7c435
sensitivity,sens_stall1250,O_800_03,1,4107,2400,2400,2.560,60.377,44.230,278000,1024,60,9c85de4fea
sensitivity,sens_stall1250,O_800_03,2,4107,2400,2400,2.130,60.497,44.554,280000,1024,60,9c85de4fea
sensitivity,sens_stall1250,O_800_03,3,4107,2400,2400,2.160,60.461,44.555,280000,1024,60,9c85de4fea
sensitivity,sens_stall1250,O_800_08,1,4063,2400,2400,1.270,60.387,44.570,284000,1024,60,9c85de4fea
sensitivity,sens_stall1250,O_800_08,2,4063,2400,2400,1.710,60.340,44.531,284000,1024,60,9c85de4fea
sensitivity,sens_stall1250,O_800_08,3,4063,2400,2400,1.780,60.387,44.500,284000,1024,60,9c85de4fea
sensitivity,sens_stall1250,O_1000_03,1,5178,3000,3000,3.400,60.456,43.406,254000,1024,60,9c85de4fea
sensitivity,sens_stall1250,O_1000_03,2,5178,3000,3000,4.210,60.405,43.420,254000,1024,60,9c85de4fea
sensitivity,sens_stall1250,O_1000_03,3,5178,3000,3000,3.230,60.580,44.324,250000,1024,60,9c85de4fea
sensitivity,sens_stall1250,O_1000_08,1,5191,3000,3000,2.260,60.364,44.392,256000,1024,60,9c85de4fea
sensitivity,sens_stall1250,O_1000_08,2,5191,3000,3000,1.950,60.637,44.318,256000,1024,60,9c85de4fea
sensitivity,sens_stall1250,O_1000_08,3,5191,3000,3000,1.920,60.522,44.359,256000,1024,60,9c85de4fea
sensitivity,sens_stall1250,LK_800_03,1,4257,3075,4000,1.610,60.336,56.444,348000,1024,60,9c85de4fea
sensitivity,sens_stall1250,LK_800_03,2,4257,3115,4000,1.280,60.461,56.554,348000,1024,60,9c85de4fea
sensitivity,sens_stall1250,LK_800_03,3,4257,3070,4000,1.600,60.560,56.715,350000,1024,60,9c85de4fea
sensitivity,sens_stall1250,LK_800_08,1,4158,2998,4000,3.320,60.627,56.864,340000,1024,60,9c85de4fea
sensitivity,sens_stall1250,LK_800_08,2,4158,2978,4000,1.960,60.440,56.601,340000,1024,60,9c85de4fea
sensitivity,sens_stall1250,LK_800_08,3,4158,2973,4000,2.640,60.376,56.564,340000,1024,60,9c85de4fea
sensitivity,sens_stall1250,LK_1000_03,1,5395,3831,5000,2.140,60.354,56.544,330000,1024,60,9c85de4fea
sensitivity,sens_stall1250,LK_1000_03,2,5395,3864,5000,2.480,60.604,56.793,332000,1024,60,9c85de4fea
sensitivity,sens_stall1250,LK_1000_03,3,5395,3860,5000,2.460,60.586,56.763,332000,1024,60,9c85de4fea
sensitivity,sens_stall1250,LK_1000_08,1,5394,3872,5000,4.340,60.584,56.811,326000,1024,60,9c85de4fea
sensitivity,sens_stall1250,LK_1000_08,2,5394,3879,5000,4.030,60.337,56.483,324000,1024,60,9c85de4fea
sensitivity,sens_stall1250,LK_1000_08,3,5394,3872,5000,18.670,60.632,56.839,326000,1024,60,9c85de4fea
sensitivity,sens_stall1250,MF_800_03,1,3672,2400,2400,1.530,60.398,47.147,252000,1024,60,9c85de4fea
sensitivity,sens_stall1250,MF_800_03,2,3672,2400,2400,1.370,60.505,47.430,254000,1024,60,9c85de4fea
sensitivity,sens_stall1250,MF_800_03,3,3672,2398,2400,1.390,60.495,47.393,254000,1024,60,9c85de4fea
sensitivity,sens_stall1250,MF_800_08,1,3612,2396,2400,2.180,60.400,46.572,254000,1024,60,9c85de4fea
sensitivity,sens_stall1250,MF_800_08,2,3612,2396,2400,2.300,60.558,46.712,254000,1024,60,9c85de4fea
sensitivity,sens_stall1250,MF_800_08,3,3612,2396,2400,1.770,60.464,46.721,254000,1024,60,9c85de4fea
sensitivity,sens_stall1250,MF_1000_03,1,4643,2999,3000,3.640,60.699,46.661,230000,1024,60,9c85de4fea
sensitivity,sens_stall1250,MF_1000_03,2,4643,2999,3000,2.630,60.638,46.572,230000,1024,60,9c85de4fea
sensitivity,sens_stall1250,MF_1000_03,3,4643,2999,3000,9.210,60.713,46.982,232000,1024,60,9c85de4fea
sensitivity,sens_stall1250,MF_1000_08,1,4572,2999,3000,2.050,60.424,46.426,230000,1024,60,9c85de4fea
sensitivity,sens_stall1250,MF_1000_08,2,4572,2998,3000,1.970,60.571,46.726,232000,1024,60,9c85de4fea
sensitivity,sens_stall1250,MF_1000_08,3,4572,2998,3000,1.990,60.607,46.756,232000,1024,60,9c85de4fea
sensitivity,sens_stall20000,O_800_03,1,4107,2399,2400,2.500,60.358,44.445,280000,1024,60,20a7859389
sensitivity,sens_stall20000,O_800_03,2,4107,2400,2400,2.240,60.400,44.211,278000,1024,60,20a7859389
sensitivity,sens_stall20000,O_800_03,3,4107,2400,2400,4.240,60.328,44.489,280000,1024,60,20a7859389
sensitivity,sens_stall20000,O_800_08,1,4063,2400,2400,1.330,60.379,44.040,282000,1024,60,20a7859389
sensitivity,sens_stall20000,O_800_08,2,4063,2399,2400,1.650,60.621,44.762,286000,1024,60,20a7859389
sensitivity,sens_stall20000,O_800_08,3,4063,2400,2400,1.260,60.514,44.629,286000,1024,60,20a7859389
sensitivity,sens_stall20000,O_1000_03,1,5178,3000,3000,3.200,60.391,43.211,256000,1024,60,20a7859389
sensitivity,sens_stall20000,O_1000_03,2,5178,2999,3000,3.250,60.509,43.559,258000,1024,60,20a7859389
sensitivity,sens_stall20000,O_1000_03,3,5178,3000,3000,6.460,60.418,43.445,258000,1024,60,20a7859389
sensitivity,sens_stall20000,O_1000_08,1,5191,3000,3000,2.310,60.413,44.018,258000,1024,60,20a7859389
sensitivity,sens_stall20000,O_1000_08,2,5191,3000,3000,2.330,60.521,43.990,258000,1024,60,20a7859389
sensitivity,sens_stall20000,O_1000_08,3,5191,3000,3000,3.190,60.420,43.996,258000,1024,60,20a7859389
sensitivity,sens_stall20000,LK_800_03,1,4257,3063,4000,2.170,60.603,56.478,350000,1024,60,20a7859389
sensitivity,sens_stall20000,LK_800_03,2,4257,3071,4000,1.670,60.622,56.654,352000,1024,60,20a7859389
sensitivity,sens_stall20000,LK_800_03,3,4257,3048,4000,1.610,60.577,56.681,352000,1024,60,20a7859389
sensitivity,sens_stall20000,LK_800_08,1,4158,2978,4000,51.470,60.595,56.673,352000,1024,60,20a7859389
sensitivity,sens_stall20000,LK_800_08,2,4158,2936,4000,5.020,60.386,56.569,342000,1024,60,20a7859389
sensitivity,sens_stall20000,LK_800_08,3,4158,2955,4000,4.660,60.355,56.606,342000,1024,60,20a7859389
sensitivity,sens_stall20000,LK_1000_03,1,5395,3790,5000,2.580,60.441,56.512,332000,1024,60,20a7859389
sensitivity,sens_stall20000,LK_1000_03,2,5395,3864,5000,2.920,60.657,56.749,334000,1024,60,20a7859389
sensitivity,sens_stall20000,LK_1000_03,3,5395,3864,5000,3.560,60.466,56.606,334000,1024,60,20a7859389
sensitivity,sens_stall20000,LK_1000_08,1,5394,3879,5000,3.740,60.397,56.410,328000,1024,60,20a7859389
sensitivity,sens_stall20000,LK_1000_08,2,5394,3891,5000,3.550,60.513,56.751,330000,1024,60,20a7859389
sensitivity,sens_stall20000,LK_1000_08,3,5394,3879,5000,3.550,60.644,56.874,330000,1024,60,20a7859389
sensitivity,sens_stall20000,MF_800_03,1,3672,2400,2400,1.420,60.388,47.422,254000,1024,60,20a7859389
sensitivity,sens_stall20000,MF_800_03,2,3672,2400,2400,1.360,60.633,47.848,256000,1024,60,20a7859389
sensitivity,sens_stall20000,MF_800_03,3,3672,2400,2400,1.500,60.552,47.356,254000,1024,60,20a7859389
sensitivity,sens_stall20000,MF_800_08,1,3612,2396,2400,1.770,60.353,46.530,254000,1024,60,20a7859389
sensitivity,sens_stall20000,MF_800_08,2,3612,2396,2400,1.740,60.654,46.730,254000,1024,60,20a7859389
sensitivity,sens_stall20000,MF_800_08,3,3612,2396,2400,1.740,60.416,46.730,254000,1024,60,20a7859389
sensitivity,sens_stall20000,MF_1000_03,1,4643,2998,3000,3.990,60.608,46.650,232000,1024,60,20a7859389
sensitivity,sens_stall20000,MF_1000_03,2,4643,2998,3000,2.970,60.547,46.615,232000,1024,60,20a7859389
sensitivity,sens_stall20000,MF_1000_03,3,4643,2998,3000,4.550,60.538,46.567,232000,1024,60,20a7859389
sensitivity,sens_stall20000,MF_1000_08,1,4572,2998,3000,2.020,60.502,46.506,232000,1024,60,20a7859389
sensitivity,sens_stall20000,MF_1000_08,2,4572,2997,3000,1.930,60.675,46.775,234000,1024,60,20a7859389
sensitivity,sens_stall20000,MF_1000_08,3,4572,2999,3000,2.630,60.420,46.486,232000,1024,60,20a7859389
sensitivity,sens_rho025,O_800_03,1,4107,2400,2400,3.410,60.520,44.884,282000,1024,60,7640605dea
sensitivity,sens_rho025,O_800_03,2,4107,2400,2400,2.120,60.619,45.197,284000,1024,60,7640605dea
sensitivity,sens_rho025,O_800_03,3,4107,2400,2400,3.360,60.329,45.180,284000,1024,60,7640605dea
sensitivity,sens_rho025,O_800_08,1,4063,2400,2400,1.360,60.413,44.664,286000,1024,60,7640605dea
sensitivity,sens_rho025,O_800_08,2,4063,2399,2400,1.650,60.368,44.740,286000,1024,60,7640605dea
sensitivity,sens_rho025,O_800_08,3,4063,2400,2400,1.630,60.434,45.009,288000,1024,60,7640605dea
sensitivity,sens_rho025,O_1000_03,1,5178,2999,3000,3.770,60.339,43.751,258000,1024,60,7640605dea
sensitivity,sens_rho025,O_1000_03,2,5178,3000,3000,4.520,60.420,44.011,260000,1024,60,7640605dea
sensitivity,sens_rho025,O_1000_03,3,5178,2999,3000,5.060,60.436,44.016,260000,1024,60,7640605dea
sensitivity,sens_rho025,O_1000_08,1,5191,3000,3000,1.870,60.479,44.669,260000,1024,60,7640605dea
sensitivity,sens_rho025,O_1000_08,2,5191,3000,3000,2.320,60.587,44.652,260000,1024,60,7640605dea
sensitivity,sens_rho025,O_1000_08,3,5191,3000,3000,1.890,60.504,44.567,260000,1024,60,7640605dea
sensitivity,sens_rho025,LK_800_03,1,4257,3070,4000,2.310,60.600,56.620,350000,1024,60,7640605dea
sensitivity,sens_rho025,LK_800_03,2,4257,3048,4000,1.920,60.329,56.483,350000,1024,60,7640605dea
sensitivity,sens_rho025,LK_800_03,3,4257,3063,4000,2.300,60.455,56.565,350000,1024,60,7640605dea
sensitivity,sens_rho025,LK_800_08,1,4158,2962,4000,35.180,60.348,56.492,344000,1024,60,7640605dea
sensitivity,sens_rho025,LK_800_08,2,4158,2953,4000,12.380,60.537,56.573,342000,1024,60,7640605dea
sensitivity,sens_rho025,LK_800_08,3,4158,2964,4000,4.370,60.608,56.750,340000,1024,60,7640605dea
sensitivity,sens_rho025,LK_1000_03,1,5395,3832,5000,3.210,60.389,56.547,332000,1024,60,7640605dea
sensitivity,sens_rho025,LK_1000_03,2,5395,3870,5000,2.820,60.661,56.836,334000,1024,60,7640605dea
sensitivity,sens_rho025,LK_1000_03,3,5395,3870,5000,3.930,60.333,56.449,332000,1024,60,7640605dea
sensitivity,sens_rho025,LK_1000_08,1,5394,3879,5000,5.060,60.351,56.529,328000,1024,60,7640605dea
sensitivity,sens_rho025,LK_1000_08,2,5394,3898,5000,2.840,60.369,56.539,328000,1024,60,7640605dea
sensitivity,sens_rho025,LK_1000_08,3,5394,3872,5000,2.870,60.388,56.493,328000,1024,60,7640605dea
sensitivity,sens_rho025,MF_800_03,1,3672,2400,2400,1.420,60.428,47.813,256000,1024,60,7640605dea
sensitivity,sens_rho025,MF_800_03,2,3672,2400,2400,1.380,60.404,47.869,256000,1024,60,7640605dea
sensitivity,sens_rho025,MF_800_03,3,3672,2400,2400,1.400,60.500,47.735,256000,1024,60,7640605dea
sensitivity,sens_rho025,MF_800_08,1,3612,2396,2400,2.700,60.551,46.964,256000,1024,60,7640605dea
sensitivity,sens_rho025,MF_800_08,2,3612,2397,2400,2.700,60.410,46.802,254000,1024,60,7640605dea
sensitivity,sens_rho025,MF_800_08,3,3612,2396,2400,1.810,60.571,47.084,256000,1024,60,7640605dea
sensitivity,sens_rho025,MF_1000_03,1,4643,2998,3000,4.560,60.366,46.722,232000,1024,60,7640605dea
sensitivity,sens_rho025,MF_1000_03,2,4643,2999,3000,2.960,60.671,47.069,234000,1024,60,7640605dea
sensitivity,sens_rho025,MF_1000_03,3,4643,2999,3000,7.160,60.380,46.651,232000,1024,60,7640605dea
sensitivity,sens_rho025,MF_1000_08,1,4572,2997,3000,2.480,60.390,46.904,234000,1024,60,7640605dea
sensitivity,sens_rho025,MF_1000_08,2,4572,2998,3000,2.130,60.533,46.796,234000,1024,60,7640605dea
sensitivity,sens_rho025,MF_1000_08,3,4572,2998,3000,1.480,60.457,46.844,234000,1024,60,7640605dea
sensitivity,sens_rho075,O_800_03,1,4107,2399,2400,3.450,60.372,44.331,280000,1024,60,e34fc94dd8
sensitivity,sens_rho075,O_800_03,2,4107,2400,2400,2.660,60.376,44.083,278000,1024,60,e34fc94dd8
sensitivity,sens_rho075,O_800_03,3,4107,2399,2400,2.100,60.349,44.428,280000,1024,60,e34fc94dd8
sensitivity,sens_rho075,O_800_08,1,4063,2400,2400,1.280,60.413,44.331,284000,1024,60,e34fc94dd8
sensitivity,sens_rho075,O_800_08,2,4063,2400,2400,1.270,60.515,44.572,284000,1024,60,e34fc94dd8
sensitivity,sens_rho075,O_800_08,3,4063,2400,2400,1.280,60.332,44.395,284000,1024,60,e34fc94dd8
sensitivity,sens_rho075,O_1000_03,1,5178,2999,3000,3.670,60.475,43.158,256000,1024,60,e34fc94dd8
sensitivity,sens_rho075,O_1000_03,2,5178,3000,3000,2.370,60.390,43.243,256000,1024,60,e34fc94dd8
sensitivity,sens_rho075,O_1000_03,3,5178,3000,3000,2.350,60.405,43.227,256000,1024,60,e34fc94dd8
sensitivity,sens_rho075,O_1000_08,1,5191,3000,3000,1.850,60.492,44.015,258000,1024,60,e34fc94dd8
sensitivity,sens_rho075,O_1000_08,2,5191,3000,3000,1.780,60.582,44.032,258000,1024,60,e34fc94dd8
sensitivity,sens_rho075,O_1000_08,3,5191,3000,3000,2.340,60.408,43.916,258000,1024,60,e34fc94dd8
sensitivity,sens_rho075,LK_800_03,1,4257,3052,4000,1.990,60.414,56.465,350000,1024,60,e34fc94dd8
sensitivity,sens_rho075,LK_800_03,2,4257,3070,4000,1.590,60.366,56.470,350000,1024,60,e34fc94dd8
sensitivity,sens_rho075,LK_800_03,3,4257,3093,4000,2.080,60.508,56.480,350000,1024,60,e34fc94dd8
sensitivity,sens_rho075,LK_800_08,1,4158,2943,4000,29.490,60.322,56.520,344000,1024,60,e34fc94dd8
sensitivity,sens_rho075,LK_800_08,2,4156,3053,4000,4.660,60.607,56.830,346000,1024,60,e34fc94dd8
sensitivity,sens_rho075,LK_800_08,3,4158,2960,4000,17.540,60.497,56.543,344000,1024,60,e34fc94dd8
sensitivity,sens_rho075,LK_1000_03,1,5395,3800,5000,2.470,60.490,56.667,332000,1024,60,e34fc94dd8
sensitivity,sens_rho075,LK_1000_03,2,5395,3807,5000,2.570,60.602,56.688,332000,1024,60,e34fc94dd8
sensitivity,sens_rho075,LK_1000_03,3,5395,3835,5000,2.870,60.335,56.487,332000,1024,60,e34fc94dd8
sensitivity,sens_rho075,LK_1000_08,1,5394,3879,5000,3.890,60.638,56.886,330000,1024,60,e34fc94dd8
sensitivity,sens_rho075,LK_1000_08,2,5394,3879,5000,3.180,60.614,56.833,330000,1024,60,e34fc94dd8
sensitivity,sens_rho075,LK_1000_08,3,5394,3879,5000,2.830,60.463,56.693,328000,1024,60,e34fc94dd8
sensitivity,sens_rho075,MF_800_03,1,3672,2398,2400,1.370,60.621,47.466,254000,1024,60,e34fc94dd8
sensitivity,sens_rho075,MF_800_03,2,3672,2400,2400,1.440,60.679,47.708,252000,1024,60,e34fc94dd8
sensitivity,sens_rho075,MF_800_03,3,3672,2400,2400,1.410,60.634,47.575,252000,1024,60,e34fc94dd8
sensitivity,sens_rho075,MF_800_08,1,3612,2396,2400,2.190,60.462,46.551,254000,1024,60,e34fc94dd8
sensitivity,sens_rho075,MF_800_08,2,3612,2396,2400,1.750,60.442,46.783,252000,1024,60,e34fc94dd8
sensitivity,sens_rho075,MF_800_08,3,3612,2397,2400,1.840,60.614,46.879,252000,1024,60,e34fc94dd8
sensitivity,sens_rho075,MF_1000_03,1,4643,2998,3000,3.630,60.418,46.278,230000,1024,60,e34fc94dd8
sensitivity,sens_rho075,MF_1000_03,2,4643,2998,3000,2.520,60.735,46.520,232000,1024,60,e34fc94dd8
sensitivity,sens_rho075,MF_1000_03,3,4643,2998,3000,4.600,60.730,46.489,232000,1024,60,e34fc94dd8
sensitivity,sens_rho075,MF_1000_08,1,4572,2998,3000,2.010,60.380,46.283,230000,1024,60,e34fc94dd8
sensitivity,sens_rho075,MF_1000_08,2,4572,2998,3000,1.990,60.493,46.187,232000,1024,60,e34fc94dd8
sensitivity,sens_rho075,MF_1000_08,3,4572,2997,3000,2.070,60.705,46.721,234000,1024,60,e34fc94dd8
sensitivity,sens_pert05,O_800_03,1,4107,2399,2400,3.020,60.318,44.450,280000,1024,60,c9662df974
sensitivity,sens_pert05,O_800_03,2,4107,2400,2400,2.080,60.635,44.870,282000,1024,60,c9662df974
sensitivity,sens_pert05,O_800_03,3,4107,2400,2400,2.540,60.311,44.507,280000,1024,60,c9662df974
sensitivity,sens_pert05,O_800_08,1,4063,2400,2400,1.290,60.641,44.484,284000,1024,60,c9662df974
sensitivity,sens_pert05,O_800_08,2,4063,2399,2400,1.680,60.359,44.620,284000,1024,60,c9662df974
sensitivity,sens_pert05,O_800_08,3,4063,2400,2400,1.310,60.378,44.430,284000,1024,60,c9662df974
sensitivity,sens_pert05,O_1000_03,1,5178,3000,3000,4.630,60.329,43.457,256000,1024,60,c9662df974
sensitivity,sens_pert05,O_1000_03,2,5178,3000,3000,3.670,60.421,43.484,256000,1024,60,c9662df974
sensitivity,sens_pert05,O_1000_03,3,5178,3000,3000,3.250,60.617,43.618,258000,1024,60,c9662df974
sensitivity,sens_pert05,O_1000_08,1,5191,3000,3000,2.480,60.377,43.950,256000,1024,60,c9662df974
sensitivity,sens_pert05,O_1000_08,2,5191,3000,3000,2.350,60.317,43.875,256000,1024,60,c9662df974
sensitivity,sens_pert05,O_1000_08,3,5191,3000,3000,3.210,60.655,44.201,258000,1024,60,c9662df974
sensitivity,sens_pert05,LK_800_03,1,4257,3063,4000,1.940,60.452,56.600,350000,1024,60,c9662df974
sensitivity,sens_pert05,LK_800_03,2,4257,3071,4000,1.650,60.455,56.483,350000,1024,60,c9662df974
sensitivity,sens_pert05,LK_800_03,3,4257,3048,4000,1.570,60.506,56.563,350000,1024,60,c9662df974
sensitivity,sens_pert05,LK_800_08,1,4158,2992,4000,17.440,60.474,56.512,346000,1024,60,c9662df974
sensitivity,sens_pert05,LK_800_08,2,4158,2969,4000,5.050,60.510,56.663,342000,1024,60,c9662df974
sensitivity,sens_pert05,LK_800_08,3,4158,2973,4000,4.360,60.335,56.496,340000,1024,60,c9662df974
sensitivity,sens_pert05,LK_1000_03,1,5395,3794,5000,2.780,60.450,56.675,332000,1024,60,c9662df974
sensitivity,sens_pert05,LK_1000_03,2,5395,3835,5000,2.510,60.561,56.720,332000,1024,60,c9662df974
sensitivity,sens_pert05,LK_1000_03,3,5395,3832,5000,2.480,60.327,56.505,332000,1024,60,c9662df974
sensitivity,sens_pert05,LK_1000_08,1,5394,3872,5000,5.760,60.380,56.596,328000,1024,60,c9662df974
sensitivity,sens_pert05,LK_1000_08,2,5394,3879,5000,2.840,60.637,56.793,330000,1024,60,c9662df974
sensitivity,sens_pert05,LK_1000_08,3,5394,3872,5000,3.160,60.437,56.675,328000,1024,60,c9662df974
sensitivity,sens_pert05,MF_800_03,1,3672,2400,2400,1.360,60.585,47.695,252000,1024,60,c9662df974
sensitivity,sens_pert05,MF_800_03,2,3672,2400,2400,1.490,60.673,47.712,252000,1024,60,c9662df974
sensitivity,sens_pert05,MF_800_03,3,3672,2400,2400,1.440,60.648,47.579,252000,1024,60,c9662df974
sensitivity,sens_pert05,MF_800_08,1,3612,2396,2400,1.830,60.532,46.806,252000,1024,60,c9662df974
sensitivity,sens_pert05,MF_800_08,2,3612,2396,2400,1.770,60.625,46.999,252000,1024,60,c9662df974
sensitivity,sens_pert05,MF_800_08,3,3612,2396,2400,1.740,60.355,46.584,250000,1024,60,c9662df974
sensitivity,sens_pert05,MF_1000_03,1,4643,2999,3000,7.600,60.635,46.644,232000,1024,60,c9662df974
sensitivity,sens_pert05,MF_1000_03,2,4643,2998,3000,3.050,60.405,46.245,230000,1024,60,c9662df974
sensitivity,sens_pert05,MF_1000_03,3,4643,2998,3000,5.050,60.559,46.633,232000,1024,60,c9662df974
sensitivity,sens_pert05,MF_1000_08,1,4572,2998,3000,2.060,60.344,46.246,232000,1024,60,c9662df974
sensitivity,sens_pert05,MF_1000_08,2,4572,2997,3000,1.980,60.521,46.531,234000,1024,60,c9662df974
sensitivity,sens_pert05,MF_1000_08,3,4572,2999,3000,2.440,60.326,46.639,234000,1024,60,c9662df974
sensitivity,sens_pert2,O_800_03,1,4107,2400,2400,2.930,60.384,44.456,280000,1024,60,48723ba365
sensitivity,sens_pert2,O_800_03,2,4107,2400,2400,2.190,60.439,44.414,272000,1024,60,48723ba365
sensitivity,sens_pert2,O_800_03,3,4107,2400,2400,2.520,60.320,44.117,278000,1024,60,48723ba365
sensitivity,sens_pert2,O_800_08,1,4063,2400,2400,1.250,60.565,44.431,284000,1024,60,48723ba365
sensitivity,sens_pert2,O_800_08,2,4063,2399,2400,1.730,60.627,44.408,280000,1024,60,48723ba365
sensitivity,sens_pert2,O_800_08,3,4063,2400,2400,1.270,60.609,44.202,284000,1024,60,48723ba365
sensitivity,sens_pert2,O_1000_03,1,5178,3000,3000,4.590,60.381,43.336,256000,1024,60,48723ba365
sensitivity,sens_pert2,O_1000_03,2,5178,2999,3000,2.810,60.317,43.017,248000,1024,60,48723ba365
sensitivity,sens_pert2,O_1000_03,3,5178,3000,3000,3.210,60.342,43.187,256000,1024,60,48723ba365
sensitivity,sens_pert2,O_1000_08,1,5191,3000,3000,2.230,60.394,44.072,258000,1024,60,48723ba365
sensitivity,sens_pert2,O_1000_08,2,5191,3000,3000,2.420,60.526,43.818,250000,1024,60,48723ba365
sensitivity,sens_pert2,O_1000_08,3,5191,3000,3000,3.370,60.397,43.734,250000,1024,60,48723ba365
sensitivity,sens_pert2,LK_800_03,1,4257,3058,4000,1.990,60.319,56.170,348000,1024,60,48723ba365
sensitivity,sens_pert2,LK_800_03,2,4257,3071,4000,1.620,60.480,56.329,340000,1024,60,48723ba365
sensitivity,sens_pert2,LK_800_03,3,4257,3048,4000,1.620,60.350,56.337,340000,1024,60,48723ba365
sensitivity,sens_pert2,LK_800_08,1,4156,3046,4000,5.080,61.126,56.100,334000,1024,60,48723ba365
sensitivity,sens_pert2,LK_800_08,2,4158,2948,4000,5.150,60.485,56.404,334000,1024,60,48723ba365
sensitivity,sens_pert2,LK_800_08,3,4158,2998,4000,5.530,60.418,56.473,334000,1024,60,48723ba365
sensitivity,sens_pert2,LK_1000_03,1,5395,3829,5000,2.210,60.378,56.429,322000,1024,60,48723ba365
sensitivity,sens_pert2,LK_1000_03,2,5395,3864,5000,2.500,60.655,56.725,324000,1024,60,48723ba365
sensitivity,sens_pert2,LK_1000_03,3,5395,3823,5000,2.890,60.436,56.458,326000,1024,60,48723ba365
sensitivity,sens_pert2,LK_1000_08,1,5394,3879,5000,4.280,60.616,56.609,324000,1024,60,48723ba365
sensitivity,sens_pert2,LK_1000_08,2,5394,3872,5000,3.310,60.627,56.277,318000,1024,60,48723ba365
sensitivity,sens_pert2,LK_1000_08,3,5394,3879,5000,3.560,60.609,56.599,328000,1024,60,48723ba365
sensitivity,sens_pert2,MF_800_03,1,3672,2400,2400,1.410,60.675,47.668,248000,1024,60,48723ba365
sensitivity,sens_pert2,MF_800_03,2,3672,2400,2400,1.390,60.588,47.554,248000,1024,60,48723ba365
sensitivity,sens_pert2,MF_800_03,3,3672,2400,2400,1.370,60.648,47.527,252000,1024,60,48723ba365
sensitivity,sens_pert2,MF_800_08,1,3612,2396,2400,1.750,60.567,46.783,246000,1024,60,48723ba365
sensitivity,sens_pert2,MF_800_08,2,3612,2396,2400,1.840,60.546,46.340,246000,1024,60,48723ba365
sensitivity,sens_pert2,MF_800_08,3,3612,2396,2400,1.780,60.407,46.478,250000,1024,60,48723ba365
sensitivity,sens_pert2,MF_1000_03,1,4643,2999,3000,3.620,60.390,46.278,224000,1024,60,48723ba365
sensitivity,sens_pert2,MF_1000_03,2,4643,2998,3000,4.140,60.426,46.116,224000,1024,60,48723ba365
sensitivity,sens_pert2,MF_1000_03,3,4643,2999,3000,6.560,60.309,46.105,230000,1024,60,48723ba365
sensitivity,sens_pert2,MF_1000_08,1,4572,2998,3000,2.030,60.619,46.217,224000,1024,60,48723ba365
sensitivity,sens_pert2,MF_1000_08,2,4572,2997,3000,2.000,60.469,46.401,232000,1024,60,48723ba365
sensitivity,sens_pert2,MF_1000_08,3,4572,2999,3000,2.570,60.391,46.263,232000,1024,60,48723ba365
sensitivity,sens_ten7,O_800_03,1,4107,2400,2400,2.570,60.581,44.431,280000,1024,60,fd2d1e0040
sensitivity,sens_ten7,O_800_03,2,4107,2400,2400,3.010,60.327,44.554,280000,1024,60,fd2d1e0040
sensitivity,sens_ten7,O_800_03,3,4107,2399,2400,3.450,60.364,44.394,272000,1024,60,fd2d1e0040
sensitivity,sens_ten7,O_800_08,1,4063,2400,2400,1.670,60.560,44.230,282000,1024,60,fd2d1e0040
sensitivity,sens_ten7,O_800_08,2,4063,2399,2400,1.330,60.404,44.403,284000,1024,60,fd2d1e0040
sensitivity,sens_ten7,O_800_08,3,4063,2400,2400,1.630,60.332,44.197,276000,1024,60,fd2d1e0040
sensitivity,sens_ten7,O_1000_03,1,5178,3000,3000,5.250,60.419,43.358,256000,1024,60,fd2d1e0040
sensitivity,sens_ten7,O_1000_03,2,5178,3000,3000,2.900,60.454,43.527,252000,1024,60,fd2d1e0040
sensitivity,sens_ten7,O_1000_03,3,5178,3000,3000,5.240,60.325,43.102,248000,1024,60,fd2d1e0040
sensitivity,sens_ten7,O_1000_08,1,5191,3000,3000,2.270,60.648,44.222,258000,1024,60,fd2d1e0040
sensitivity,sens_ten7,O_1000_08,2,5191,3000,3000,2.290,60.527,44.131,256000,1024,60,fd2d1e0040
sensitivity,sens_ten7,O_1000_08,3,5191,3000,3000,2.790,60.394,43.822,250000,1024,60,fd2d1e0040
sensitivity,sens_ten7,LK_800_03,1,4257,3101,4000,1.950,60.444,56.528,350000,1024,60,fd2d1e0040
sensitivity,sens_ten7,LK_800_03,2,4257,3085,4000,1.980,60.506,56.504,340000,1024,60,fd2d1e0040
sensitivity,sens_ten7,LK_800_03,3,4257,3048,4000,1.610,60.378,56.394,340000,1024,60,fd2d1e0040
sensitivity,sens_ten7,LK_800_08,1,4158,2969,4000,3.350,60.653,56.795,342000,1024,60,fd2d1e0040
sensitivity,sens_ten7,LK_800_08,2,4158,2942,4000,14.750,60.330,56.400,332000,1024,60,fd2d1e0040
sensitivity,sens_ten7,LK_800_08,3,4158,2992,4000,22.310,60.379,56.457,336000,1024,60,fd2d1e0040
sensitivity,sens_ten7,LK_1000_03,1,5395,3831,5000,4.610,60.318,56.496,332000,1024,60,fd2d1e0040
sensitivity,sens_ten7,LK_1000_03,2,5395,3835,5000,3.640,60.650,56.711,318000,1024,60,fd2d1e0040
sensitivity,sens_ten7,LK_1000_03,3,5395,3860,5000,3.270,60.353,56.479,324000,1024,60,fd2d1e0040
sensitivity,sens_ten7,LK_1000_08,1,5394,3872,5000,3.900,60.553,56.820,330000,1024,60,fd2d1e0040
sensitivity,sens_ten7,LK_1000_08,2,5394,3891,5000,4.040,60.676,56.740,310000,1024,60,fd2d1e0040
sensitivity,sens_ten7,LK_1000_08,3,5394,3879,5000,4.450,60.543,56.627,320000,1024,60,fd2d1e0040
sensitivity,sens_ten7,MF_800_03,1,3672,2400,2400,1.420,60.693,47.659,252000,1024,60,fd2d1e0040
sensitivity,sens_ten7,MF_800_03,2,3672,2400,2400,1.450,60.480,47.500,234000,1024,60,fd2d1e0040
sensitivity,sens_ten7,MF_800_03,3,3672,2400,2400,1.410,60.613,47.751,246000,1024,60,fd2d1e0040
sensitivity,sens_ten7,MF_800_08,1,3612,2396,2400,3.590,60.316,46.740,252000,1024,60,fd2d1e0040
sensitivity,sens_ten7,MF_800_08,2,3612,2397,2400,2.860,60.563,46.749,238000,1024,60,fd2d1e0040
sensitivity,sens_ten7,MF_800_08,3,3612,2397,2400,2.300,60.351,46.601,242000,1024,60,fd2d1e0040
sensitivity,sens_ten7,MF_1000_03,1,4643,2999,3000,1.960,60.444,46.279,230000,1024,60,fd2d1e0040
sensitivity,sens_ten7,MF_1000_03,2,4638,3000,3000,3.110,60.332,45.973,224000,1024,60,fd2d1e0040
sensitivity,sens_ten7,MF_1000_03,3,4643,2999,3000,4.700,60.372,46.232,224000,1024,60,fd2d1e0040
sensitivity,sens_ten7,MF_1000_08,1,4572,2999,3000,2.460,60.691,46.679,234000,1024,60,fd2d1e0040
sensitivity,sens_ten7,MF_1000_08,2,4572,2999,3000,2.550,60.633,46.666,228000,1024,60,fd2d1e0040
sensitivity,sens_ten7,MF_1000_08,3,4572,2997,3000,2.650,60.723,46.505,232000,1024,60,fd2d1e0040
sensitivity,sens_ten30,O_800_03,1,4107,2399,2400,2.950,60.434,44.589,280000,1024,60,6c69f0be25
sensitivity,sens_ten30,O_800_03,2,4107,2400,2400,2.920,60.374,44.350,276000,1024,60,6c69f0be25
sensitivity,sens_ten30,O_800_03,3,4107,2400,2400,2.520,60.474,44.819,282000,1024,60,6c69f0be25
sensitivity,sens_ten30,O_800_08,1,4063,2399,2400,1.300,60.577,44.504,284000,1024,60,6c69f0be25
sensitivity,sens_ten30,O_800_08,2,4063,2399,2400,1.310,60.552,44.466,284000,1024,60,6c69f0be25
sensitivity,sens_ten30,O_800_08,3,4063,2400,2400,1.650,60.385,44.492,284000,1024,60,6c69f0be25
sensitivity,sens_ten30,O_1000_03,1,5178,3000,3000,4.150,60.466,43.739,258000,1024,60,6c69f0be25
sensitivity,sens_ten30,O_1000_03,2,5178,3000,3000,4.600,60.455,43.453,256000,1024,60,6c69f0be25
sensitivity,sens_ten30,O_1000_03,3,5178,3000,3000,2.720,60.535,43.734,258000,1024,60,6c69f0be25
sensitivity,sens_ten30,O_1000_08,1,5191,3000,3000,1.380,60.399,43.939,256000,1024,60,6c69f0be25
sensitivity,sens_ten30,O_1000_08,2,5191,3000,3000,2.700,60.453,44.262,258000,1024,60,6c69f0be25
sensitivity,sens_ten30,O_1000_08,3,5191,3000,3000,2.330,60.392,43.864,256000,1024,60,6c69f0be25
sensitivity,sens_ten30,LK_800_03,1,4257,3066,4000,1.570,60.590,56.717,350000,1024,60,6c69f0be25
sensitivity,sens_ten30,LK_800_03,2,4257,3103,4000,1.590,60.415,56.496,350000,1024,60,6c69f0be25
sensitivity,sens_ten30,LK_800_03,3,4257,3093,4000,1.960,60.364,56.431,346000,1024,60,6c69f0be25
sensitivity,sens_ten30,LK_800_08,1,4158,2948,4000,7.130,60.364,56.520,340000,1024,60,6c69f0be25
sensitivity,sens_ten30,LK_800_08,2,4158,2969,4000,41.870,60.370,56.478,348000,1024,60,6c69f0be25
sensitivity,sens_ten30,LK_800_08,3,4158,2983,4000,10.840,60.527,56.623,334000,1024,60,6c69f0be25
sensitivity,sens_ten30,LK_1000_03,1,5395,3860,5000,1.700,60.385,56.638,330000,1024,60,6c69f0be25
sensitivity,sens_ten30,LK_1000_03,2,5395,3832,5000,2.440,60.480,56.621,330000,1024,60,6c69f0be25
sensitivity,sens_ten30,LK_1000_03,3,5395,3819,5000,2.190,60.440,56.505,322000,1024,60,6c69f0be25
sensitivity,sens_ten30,LK_1000_08,1,5394,3872,5000,3.960,60.318,56.490,324000,1024,60,6c69f0be25
sensitivity,sens_ten30,LK_1000_08,2,5394,3872,5000,2.810,60.570,56.744,328000,1024,60,6c69f0be25
sensitivity,sens_ten30,LK_1000_08,3,5394,3879,5000,2.520,60.568,56.748,322000,1024,60,6c69f0be25
sensitivity,sens_ten30,MF_800_03,1,3672,2400,2400,1.360,60.496,47.359,248000,1024,60,6c69f0be25
sensitivity,sens_ten30,MF_800_03,2,3672,2400,2400,1.370,60.319,47.288,248000,1024,60,6c69f0be25
sensitivity,sens_ten30,MF_800_03,3,3672,2400,2400,1.370,60.369,47.458,250000,1024,60,6c69f0be25
sensitivity,sens_ten30,MF_800_08,1,3612,2397,2400,2.230,60.352,46.636,250000,1024,60,6c69f0be25
sensitivity,sens_ten30,MF_800_08,2,3612,2396,2400,1.740,60.336,46.545,250000,1024,60,6c69f0be25
sensitivity,sens_ten30,MF_800_08,3,3612,2396,2400,1.800,60.368,46.396,250000,1024,60,6c69f0be25
sensitivity,sens_ten30,MF_1000_03,1,4643,2998,3000,2.970,60.538,46.463,230000,1024,60,6c69f0be25
sensitivity,sens_ten30,MF_1000_03,2,4643,2998,3000,2.450,60.308,46.360,230000,1024,60,6c69f0be25
sensitivity,sens_ten30,MF_1000_03,3,4643,2999,3000,2.440,60.477,46.652,232000,1024,60,6c69f0be25
sensitivity,sens_ten30,MF_1000_08,1,4572,2997,3000,1.930,60.493,46.514,232000,1024,60,6c69f0be25
sensitivity,sens_ten30,MF_1000_08,2,4572,2998,3000,1.990,60.598,46.556,232000,1024,60,6c69f0be25
sensitivity,sens_ten30,MF_1000_08,3,4572,2997,3000,1.940,60.576,46.488,232000,1024,60,6c69f0be25
